text,is_spam1_or_clickbait2
Error 500  Server Error  1500 That’s an error There was an error Please again later That’s all we know,1
Error 500  Server Error  1500 That’s an error There was an error Please again later That’s all we know,0
"В России всегда добивались результатов, заявил Путин",2
В Кремле раскрыли детали встречи Путина с представителями крупного бизнеса,2
Путин подписал закон о специальной почтовой связи,2
Путин: почти семь миллионов человек улучшили жилищные условия в этом году,2
Голикова: варианты использования маткапитала рассмотрят по итогам года,2
Мишустин дал старт движению по новым участкам дорог в нескольких регионах,2
"Путин обратился к участникам форума ""Транспорт России""",2
Госдума повысила выплаты военным и неработающим пенсионерам,2
"В России всегда добивались результатов, заявил Путин",0
"Путин обратился к участникам форума ""Транспорт России""",0
Мишустин дал старт движению по новым участкам дорог в нескольких регионах,0
Голикова: варианты использования маткапитала рассмотрят по итогам года,0
Госдума повысила выплаты военным и неработающим пенсионерам,0
Путин: почти семь миллионов человек улучшили жилищные условия в этом году,0
Путин подписал закон о специальной почтовой связи,0
В Кремле раскрыли детали встречи Путина с представителями крупного бизнеса,0
"Проверьте полный список партнеров на первом сольном альбоме Гарри Стайлза, #SignofTimes, один сингл ""Account Full Recurts for Harri Styles"": ""Odgay Done's"" («Список всех коллаборационистов» Гарри Стайлз», ""Aghedged Dages"" и ""Dign Gaves"" («Организаторы мира») и ""Ogning Dign Gaze"" («Официальные сольные сольные синглы Гарри Стайлз»), ""Drages"" — первый сингл из своего будущего сольного дебюта, который должен был быть выпущен 22 мая. Согласно песням, предоставленным лейблом Styless, ""Hary Dagery"" и ""Официанты"" — ""Она"" — ""Она"" — ""Она"" и ""Она"" — ""Она"" — ""Она"" — ""Она"" и ""Она"" — ""Она"" — ""Она"".",2
ОДИН ОДИН ОДИН ОДИН ОДИН ОДИН ОДИН ОДИН ОДИН ОДИН ОДИН ОДИН ОДИН ОДИН ОДИН ОДИН ОДИН ОДИН,2
ОДИН ОДИН ОДИН ОДИН ОДИН ОДИН ОДИН ОДИН ОДИН ОДИН ОДИН ОДИН ОДИН ОДИН ОДИН ОДИН ОДИН ОДИН ОДИН,2
♪ ♪ ♪ ♪ ♪ ♪ ♪ ♪ ♪ ♪ ♪ ♪ ♪ ♪ ♪ ♪ ♪ ♪ ♪ ♪ ♪ ♪ ♪ ♪ ♪ ♪ ♪ ♪ ♪ ♪ ♪ ♪ ♪ ♪ ♪ ♪ ♪ ♪ ♪ ♪ ♪ ♪ ♪ ♪ ♪ ♪ ♪ ♪ ♪ ♪ ♪ ♪ ♪ ♪ ♪ ♪ ♪ ♪ ♪ ♪ ♪ ♪ ♪ ♪ ♪ ♪ ♪ ♪ ♪ ♪ ♪ ♪ ♪ ♪ ♪ ♪ ♪ ♪ ♪ ♪ ♪ ♪ ♪ ♪ ♪ ♪ ♪ ♪ ♪ ♪ ♪ ♪ ♪ ♪ ♪ ♪ ♪ ♪ ♪ ♪ ♪ ♪ ♪ ♪ ♪ ♪ ♪ ♪ ♪ ♪ ♪ ♪ ♪ ♪ ♪ ♪ ♪ ♪ ♪ ♪ ♪ ♪ ♪ ♪ ♪ ♪ ♪ ♪ ♪ ♪ ♪ ♪ ♪ ♪ ♪ ♪ ♪ ♪ ♪ ♪ ♪ ♪ ♪ ♪ ♪ ♪ ♪ ♪ ♪ ♪ ♪ ♪ ♪ ♪ ♪ ♪ ♪ ♪ ♪ ♪ ♪ ♪ ♪ ♪ ♪ ♪ ♪ ♪ ♪ ♪ ♪ ♪ ♪ ♪ ♪ ♪ ♪ ♪ ♪ ♪ ♪ ♪ ♪ ♪ ♪ ♪ ♪ ♪ ♪ ♪ ♪ ♪ ♪ ♪ ♪ ♪ ♪ ♪ ♪ ♪ ♪ ♪ ♪ ♪ ♪ ♪ ♪ ♪ ♪ ♪ ♪ ♪ ♪ ♪ ♪ ♪ ♪ ♪ ♪ ♪ ♪ ♪ ♪ ♪ ♪ ♪ ♪ ♪ ♪ ♪ ♪ ♪ ♪ ♪ ♪ ♪ ♪ ♪ ♪ ♪ ♪ ♪ ♪ ♪ ♪ ♪ ♪ ♪ ♪ ♪ ♪ ♪ ♪ ♪ ♪,2
ОДИН ОДИН ОДИН ОДИН ОДИН ОДИН ОДИН ОДИН ОДИН ОДИН ОДИН ОДИН ОДИН ОДИН ОДИН ОДИН ОДИН,2
"Палестинские рецепты maftoul tabouleh и закатарских куриных рецептов для maftoul Tabuleh и zazatar цыпленка Реципс из Леванта: Джуди Калла свела два традиционных палестинских блюда, курицу, обжаренную задницей, и салат из табулы, приготовленный с мафтулом, большим граном, для пропитки всех региональных блюд, как и все другие пасторские хижины [BODY] Joudita Research Research that that hade that hade that that that trade hade hade that hade that have that have happle that have that challen happle that happle that happle that the pargard make make make make: us us us us us user couse, wor the wor the wor the was us us us cous cous use us cous cous cous cous cous ther thed in the the the the the the the the the the roking shed ru-roking ther ther ther ther ther ther ther ther ther ther ther thed thed ther shing ther th thed shed shed shed thed thed shed shed thed thed thed thed thed shed shed shed shed shed shed shed shed thed shed thed thed thed thed shed thed shed shed shed shed shed sh",2
.. . . . . . . . . . . . . . . . . . . . . . . . . . . . . . . . . . . . . . . . . . . . . . . . . . . . . . . . . . . . . . . . . . . . . . . . . . . . . . . . . . . . . . . . . . . . . . . . . . . . . . . . . . . . . . . . . . . . . . . . . . . . . . . . . . . . . . . . . . . . . . . . . . . . . . . . . . . . . . . . . . . . . . . . . . . . . . . . . . . . . . . . . . . . . . . . . . . . . . . . . . . . . . . . . . . . . . . . . . . . . . . . . . . . . . . . . . . . . . . . . . . . . . . . . . . . . .,0
"Полярный медведь пупсик даёт волну камерам в немецком зоопарке. Полярный медведь даёт волну камерам в немецком зоопарке, который просит публику назвать его еще не названным полярным медведем, родившимся в берлинском зоопарке Тирпарк, который прошел первую медицинскую проверку и выглядел контентом, даже выглядя, чтобы дать волну камерам. [БОДИ] Прекрасный полярный медведь смотрел на содержимое, пройдя медицинский осмотр, чтобы проверить его состояние и пол, даже показался, что он даёт волну камерам. Еще не названный пуповина родилась 3 ноября того же года и впервые была представлена миру в декабре прошлого года. Несмотря на то, что в конце месяца необходимо будет еще один осмотр, чтобы четко определить пол новорожденного. Двухмесячный режиссерский мяч все еще имеет хрустальное имя, но зодиоратники говорят, что он будет ходить с большей стабильностью в предстоящие недели, когда он будет созревать. В настоящее время в Берлине 67-метровый предшественец, чтобы четко определитьый медведец сн",0
.. . . . . . . . . . . . . . . . . . . . . . . . . . . . . . . . . . . . . . . . . . . . . . . . . . . . . . . . . . . . . . . . . . . . . . . . . . . . . . . . . . . . . . . . . . . . . . . . . . . . . . . . . . . . . . . . . . . . . . . . . . . . . . . . . . . . . . . . . . . . . . . . . . . . . . . . . . . . . . . . . . . . . . . . . . . . . . . . . . . . . . . . . . . . . . . . . . . . . . . . . . . . . . . . . . . . . . . . . . . . . . . . . . . . . . . . . . . . . . . . . . . . . . . . . . . . . .,2
"Родившиеся дети. Мирные договоры подписали 26 чисел, которые идеально схватили 2026 26 чисел, которые идеально схватили 2026 детей. Мирные договоры подписаны. И число людей, баллотировавшихся на пост президента в 2026 году (Хинт: это много). Взгляните на год в цифрах. Дети родились. Мирные договоры подписаны. И число людей, которые баллотировались на пост президента в 2026 году (Хинт: это много). Вот взгляд на год в цифрах.",2
"Выиграйте один из 22 талантливых даров дизайнера на сумму 7 250 фунтов стерлингов и помогите Рождественскому благотворительному призыву телеграфа. Выиграйте один из 22 блестящих подарков дизайнера на сумму 7 250 фунтов стерлингов, и помогите диктовать золотые золотые мешки в золоте, чтобы вы могли получить золотые золотые золотые мешки. И самое лучшее, что вы сделаете, поможете поддержать благотворительный призыв Телеграфа... За последние 26 лет, благотворительный призыв Телеграфа – наша ежегодная инициатива с читателями собрать средства на три достойных дела по всей стране – подняла более чем 23м фунтов стерлингов для улучшения жизни нуждающихся. Безотносительно к нашему великому дизайнерскому хитрость и политической ситуации, они будут использовать удивительную щедрость ваших пожертвований, больших или малых, уникальных или повторяемых, никогда не кажется махшим. Это свидетельствует о сочувствии и духе, что это остается центральным для рождественских посланий. В этом году благотворит",2
"Мама сражалась против антиклинтонного мема, используя фото дочери Нью-Дэй, будни 6-9ам ЭТ Мама борется против антиклинтонного мема с помощью дочкой, когда фото ее 4-летней дочери, позировавшей Хиллари Клинтон, было превращено в тревожный мем, Дженнифер Джонс сказала, что она в шоке. Когда фотография ее 4-летней дочери, спящей с Хиллари Клинтон, была превращена в тревожный мем, Дженнифер Джонс сказала, что она была в шоке, когда ее 4-летняя девчонка пошла на спектакль, и что она была в шоке, и что мой ребёнок не смог увидеть это, она сказала Алисину Камероте на ""Новом дне"" СННН во вторник. Фотография с фотографией Джонса, Сулливана, одетого как Клинтон на Хэллоуин, и выставленной с кандидатом на пост президента. На следующий день после выборов фотография была отредена антимусульманская риста и провока относительно позиции Клинтона в кризисе. Джонс сказала, что она отказалась и приняла решение о том, чтобы убрать меня из Интернета.",2
"В то время как Моана продолжает побеждать в офисе, встречает некоторых женщин, которые проложили путь для принцесс, которые не нуждаются в принцессе или нелепо маленьких талиях. Когда появились новые образы полинезийской девушки в центре Моаны летом, многие сразу же заметили героиню , выглядящую твердо, реалистическое тело. Это была преднамеренная попытка, отчасти вдохновлённая желанием, чтобы она была другой, содиректор Джон Мускер рассказала о различных хрониках в июле. Мы хотели, чтобы она стала героем. Хотя Мукер увидел Моанас мускулистое тело как знак ее разницы, некоторые фанаты Дисней могли услышать что-то знакомое в его заявлении. Я хотел, чтобы она была очень хорошей девушкой. Я хотел, чтобы герой-ординатор Брэвэнд Чапман рассказала в Нью-Йорк Таймс в 2022 году о том, как герцогство Мерида.",2
ОДИН ОДИН ОДИН ОДИН ОДИН ОДИН ОДИН ОДИН ОДИН ОДИН ОДИН ОДИН ОДИН ОДИН ОДИН,0
. . . . . . . . . . . . . . . . . . .,0
. . . . . . . . . . . . . . . . . . . . . . . . . . . . . . . . . . . . . . . . . . . . . . . . . . . . . . . . . . . . . . . . . . . . . . . . . . . . . . . . . . . . . . . . . . . . . . . . . . . . . . . . . . . . . . . . . . . . . . . . . . . . . . . . . . . . . . . . . . . . . . . . . . . . . . . . . . . . . . . . . . . . . . . . . . . . . . . . . . . . . . . . . . . . . . . . . . . . . . . . . . . . . . . . . . . . . . . . . . . . €€€€€€€€€€€€€€€€€€€€€€€€€€€€€€€€€€€€€€€€€€€€€€€€€€€€€€€€€€€€€€€€€€€€€,2
ДЖЕЙСОН: ДЖЕЙСОН: ДЖЕЙСОН: ДЖЕЙСОН: ДЖЕЙСОН: ДЖЕЙСОН: ДЖЕЙСОН: ДЖЕЙСОН: ДЖЕЙСОН: ДЖЕЙСОН: ДЖЕЙСОН: ДЖЕЙСОН: ДЖЕЙСОН: ДЖЕЙСОН: ДЖЕЙСОН: ДЖЕЙСОН:,0
. . . . . . . . . . . . . . . . . . . . . . . . . . . . . . . . . . . . . . . . . . . . . . . . . . . . . . . . . . . . . . . . . . . . . . . . . . . . . . . . . . . . . . . . . . . . . . . . . . . . . . . . . . . . . . . . . . . . . . . . . . . . . . . . . . . . . . . . . . . . . . . . . . . . . . . . . . . . . . . . . . . . . . . . . . . . . . . . . . . . . . . . . . . . . . . . . . . . . . . . . . . . . . . . . . . . . . . . . . . . . . . . . . . . . . . . . . . . . . . . . . . . . . . . . . . . . . .,2
"Кто должен заменить Бейонсе в #Coachella? Голосовать! Кто должен заменить Бейонсе в Коачелле? Голосовать! Среди всех вопросов, заданных после того, как Бейонсела была открыта, самый большой из них: кто заполнит в этом году любимый пост Королевы Б? Голосует за ваш любимый вариант в нашем опросе. [БОДИ] К большому сожалению, Бейончо официально вытащила свое предложение на фестиваль 2027 года и вместо этого будет выступать в 2028 году. Несмотря на то, что она была обеспокоена ее ранее объявленным выступлением Коучеллы, когда Бей открыл на февр. 2, что она ожидает близнецов, она все еще не ощутила сердечную боль от ее отмены (что на самом деле было сделано по приказу доктора, и мы бы не подумали о том, что это было бы лучше, если бы вы подумали, что-нибудь подумали бы о том, что у вас есть, как у кого-то, как у кого-то, у кого-то, у кого-то, кого-то, кого-то-то-то-то-то-то-----------------------------------------------------------------------------------------------------------------------",0
. . . . . . . . . . . . . . . . . . . . . . . . . . . . . . . . . . . . . . . . . . . . . . . . . . . . . . . . . . . . . . . . . . . . . . . . . . . . . . . . . . . . . . . . . . . . . . . . . . . . . . . . . . . . . . . . . . . . . . . . . . . . . . . . . . . . . . . . . . . . . . . . . . . . . . . . . . . . . . . . . . . . . . . . . . . . . . . . . . . . . . . . . . . . . . . . . . . . . . . . . . . . . . . . . . . . . . . . . . . . . . . . . .,2
. . . . . . . . . . . . . . . . . . . . . . . . . . . . . . . . . . . . . . . . . . . . . . . . . . . . . . . . . . . . . . . . . . . . . . . . . . . . . . . . . . . . . . . . . . . . . . . . . . . . . . . . . . . . . . . . . . . . . . . . . . . . . . . . . . . . . . . . . . . . . . . . . . . . . . . . . . . . . . . . . . . . . . . . . . . . . . . . . . . . . . . . . . . . . . . . . . . . . . . . . . . . . . . . . . . . . . . . . . . . . . . . . . . . . . . . . . . . . . . . . . . . . . . . . . . . . . .,0
.. .. . . . . . . . . . . . . . . . . . . . . . . . . . . . . . . . . . . . . . . . . . . . . . . . . . . . . . . . . . . . . . . . . . . . . . . . . . . . . . . . . . . . . . . . . . . . . . . . . . . . . . . . . . . . . . . . . . . . . . . . . . . . . . . . . . . . . . . . . . . . . . . . . . . . . . . . . . . . . . . . . . . . . . . . . . . . . . . . . . . . . . . . . . . . . . . . . . . . . . . . . . . . . . . . . . . . . . . . . . . . . . . . . . . . . . . . . . . . . . . . . . . . . . . . . . . . .,0
"8 ошеломляющих мест, где банкиры любят расслабить Горячие спотычки, где банкиры любят отдыхать, как босс или каникулы, как ваш настоящий босс, здесь есть 8 предложений о путешествиях с Уолл-стрит, лучшие. [БОДИЯ] хочет сделать маленькую вещь на следующий отпуск? Выберите свой пункт назначения в стратегическом плане. Мы попросили восемь влиятельных финансистов открыть свои любимые места на свободе. Это наш собственный совет о том, как воссоздать свои поездки. Мы не можем обещать, что они вернутся в свой черный день после сезона, но мы можем пообещать вам, что у нас будет отличная поездка... и достаточно поболтать о следующей коктейльной вечеринке. Epic Adventure in Kenia Witney Tilson, основатель Case Capital Management Whitney Tilson, основатель Dashing the Marse Cap Capital Manages в вашем доме.",2
"Вы можете найти волшебного моряка? Вы можете спасти моряка от моря? Фидентично трудный умник бросает вызов сети, чтобы обнаружить моряков в волнах. Последний винтажный хитрый хитрый жулик, которым пользуется Плайбузз, на самом деле бросает вызов сети, чтобы обнаружить матрос, потерявшийся в море до того, как он утонет. Когда появляется все больше и больше головоломок из прошлого, они становятся все более и более загадочными, обнаруживая скрытый объект, почти невозможно заметить. Самый последний хитрый хитрый хитрый хитрый хитрик, с которым держится хитрый хитрый хитрый хитрик, который, как оказалось, бросается на пальцы, чтобы найти его плывущего в море, прежде чем он утонет. [БОДИ] бьет старым судном, чтобы справиться с волнами моря с одним из четырех моряков, бьет все вокруг него все больше и больше.",2
"Это #Pi Day. Вот несколько интересных фактов, которые вы должны знать: Pi Day: ряд вещей, знающих День Пи, отмечается 24 марта, чтобы почтить известное иррациональное число. Праздновать день этими интересными фактами о пи и дне Пи. [BODY] Math enthusiasts все об этом знают, а остальное население, вероятно, надеется на вишнёвый пирог. Но 24 марта это день Пи. И каждый год предоставляет широкие возможности для изучения. В 32 десятичных местах, известное иррациональное число, которое никогда не заканчивается, это 3,24252653589393246338395. Если вы хотите оценить, как это выглядит, 20 цифр THOUSAND, то нажмите здесь. Несколько больше тибитов о пи и Пи Дне Пи.",0
"Пост Билли Рэя Сайруса в Инстаграме заставляет людей задуматься: Майли Сайрус тайно вышла замуж? Майли Сайрус вышла замуж? Билли Рэй заставил людей говорить о Майли Сайрус замуж? Билли Сайрус Пост поднимает вопросы. [БОДИ] Билли Рэй Сайрус отправила в соцсети в режим заговора. Многие певцы страны -- и отец Майли Сайрус -- разместили на своей инстаграме в конце четверг, где люди спрашивают, мисс Сайрус теперь миссис Хемсворт. «Я так счастлива... вы счастливы», написал Сайрус, рядом с фотографией своей дочери, улыбающейся в белом платье. Многие «Смайлеры» восприняли это как подтверждение того, что 24-летний певец тихо мы сняли ее давнюю жениху, Лиам Хемсворт. «Омг, если ты женишься так счастлива за вашу девушку @MileyCyrus GOTMARED... почему я была приглашена?» Парня была впервые обручена в 2022, прежде чем разорили свою семью в 20 января.",2
. . . . . . . . . . . . . . . . . . . . . . . . . . . . . . . . . . . . . . . . . . . . . . . . . . . . . . . . . . . . . . . . . . . . . . . . . . . . . . . . . . . . . . . . . . . . . . . . . . . . . . . . . . . . . . . . . . . . . . . . . . . . . . . . . . . . . . . . . . . . . . . . . . . . . . . . . . . . . . . . . . . . . . . . . . . . . . . . . . . . . . . . . . . . . . . . . . . . . . . . . . . . . . . . . . . . . . . . . . . . €€€€€€€€€€€€€€€€€€€€€€€€€€€€€€€€€€€€€€€€€€€€€€€€€€€€€€€€€€€€€€€€€€€€€,0
"Карта, где продовольствие является наиболее дорогим в Европе, является самой высокой в Швейцарии, в то время как Соединенное Королевство, по данным Евростата, является десятым по стоимости в Европейском союзе. По данным Евростата, данные обследования 440 сопоставимых продуктов питания, напитков и табака. По данным Евростата, уровень потребления алкоголя в Ирландии был примерно на 75 процентов выше среднего показателя по ЕС, в то время как в Болгарии он был на 36 процентов ниже. В Соединенном Королевстве он был самым высоким (229 процентов по сравнению со средним показателем по ЕС), тогда как в Болгарии он был самым низким (на 50 процентов ниже). Таким образом, данные по выпивке и сигаретам поступают в Болгарию. Ниже приводится разбивка данных: в рамках ЕС Дания является самой дорогой страной для хлеба и зерновых, мяса и рыбы, в то время как Кипр является наиболее дорогой страной для молока, сыра и яиц. Из всех 38 стран Румыния является самой дешевой страной для хлеба и зерновых, Албани",2
. . . . . . . . . . . . . . . . . . . . . . . . . . . . . . . . . . . . . . . . . . . . . . . . . . . . . . . . . . . . . . . . . . . . . . . . . .,0
. . . . . . . . . . . . . . . . . . . . . . . . . . . . . . . . . . . . . . . . . . . . . . . . . . . . . . . . . . . . . . . . . . . . . . . . . . . . . . . . . . . . . . . . . . . . . . . . . . . . . . . . . . . . . . . . . . . . . . . . . . . . . . . . . . . . . . . . . . . . . . . . . . . . . . . . . . . . . . . . . . . . . . . . . . . . . . . . . . . . . . . . . . . . . . . . . . . . . . . . . . . . . . . . . . . . . . . . . . . . . . . . . . . . . . . . . . . . . . . . . . . . . . . . . . . . . . €,0
"В своем заявлении о ракетном ударе по Сирии, совершенном США, президент Трамп заявил, что предотвращение и сдерживание распространения и применения смертоносного химического оружия отвечает интересам национальной безопасности Соединенных Штатов.",0
.. . . . . . . . . . . . . . . . . . . . . . . . . . . . . . . . . . . . . . . . . . . . . . . . . . . . . . . . . . . . . . . . . . . . . . . . . .,2
"""Этикист"": Моя подруга обанкротилась. Я должен говорить? Мой друг разорвётся сам. Я должен говорить? Журнал &lt; &lt; Этикист &gt; &gt; , чтобы сказать своему другу о том, что она не осторожна и что она использует ее деньги и что больше. Два года назад она стала дружить с человеком, Синди, который был банкротом и бездомным. Он начал жить с ней после того, как они встретились. Из-за стресса на работе она взяла себе любовницу и жила на сокращенной пенсии. Несмотря на то, что у нее не было много денег, она говорила о том, что у нее есть дары, и что она пошла на это. Два года назад она стала жить вместе с мужчиной, который был банкротом и бездомным. Он начал жить с ней после того, как они познакомились. Синди позаботилась о том, что она делала в будущем.",2
"Есть одна деталь об этой фотографии #PitchPerfect3, в которой фанаты царапают головы. ""Что это с этими игрушечными фотографиями?"" В любом фильме есть хорошие новости, но эти фотографии, как в фильме, показывают нам почесать головы. Ребель Уилсон поделила свою фотографию рядом с костюмчиками Бриттани Сноу и Крисси в костюмах, которые, как мы думаем, связаны с фильмом. Снег и Фит - это сплошные стриптизёрши, на которых они показывали сверху, но [BODY] Любые новости о том, что Pitch Perfect 3 - это хорошая новость, но эти фотографии Instagram поцарапали нам головы. Ребел Уилсон поделилась фотографией рядом с костюмами Бриттани Сноу и Крисси в костюмах, которые, как мы думаем, связаны с этим фильмом. (Pitchtatch'che'che'ther'd'treger'tk - это - это, но, вон, вон, вон, это, вон, это, вон, вон, вон, вон, вон, это, вон, вон, вон, вон, вон, вон, вон, вон, вон, вон, вон, вон, это, это, вон, это, врод, вон, вон, вон, вон, вон, врод, вон, вон, вон, вон, вон, вон, вон, вон, вон, вон, врод, вон, во",2
"На этой карте показано огромное увеличение числа «смерти от отчаяния» за период с 2000 года. &quot; Умершие от отчаяния &quot; . Вызываются среди исследователей белого рабочего класса, которые бьют тревогу в связи с ростом смертности в белом рабочем классе, в основном в четверг в связи с экономическими потрясениями, которые настолько сильно переплетались между собой, что даже успешная политика понадобилась бы годам для того, чтобы их развеять. &quot; Учёные &quot; , которые бьют тревогу в связи с ростом смертности в белом рабочем классе, обвиняли в том, что в четверг смертность была связана с экономическими потрясениями, которые создали сеть социальных проблем настолько сильно переплетающихся, что даже успешная политика по-прежнему может привести к их размножению. &quot; Смертность и заболеваемость &quot; , которые измеряют вероятность смерти или болезни в в возрастной группе, начали расти в конце 2990-х годов для менее образованных белых. &quot; Учь &quot; , &quot; , &quot; улучшая &q",0
"""Да, мистер Дэгэг"" сказал, что он часто навещает наш друг ""Джим"", который, по его словам, часто навещает нас в этом городе, но не на протяжении последних четырех или пяти лет. Парижский мэр Энн Хидальго и министр иностранных дел Жан-Марк Айро более не были безопасным местом для американских туристов в речи, произнесенной на Консервативной конференции по политическим действиям. Мы напали на Дональда Трамп после того, как он напал на французскую столицу, сказав, что это была недавняя зона для некоторых американцев. Президент взглянул на французский город больше не был безопасным местом для туристов США в речи, произнесенной на Консервативной конференции по политическим действиям, когда он назвал своего друга ""Джим"", который, по его словам, ударил назад на Дональда Трамп. После того, как он набрался на летнюю столицу, он не называл это ""безнадежной зоной"" для некоторых американцев.",0
"Тереза Мэй сегодня посетила школу в Коуплэнде, и она действительно не прошла хорошо Тереза Мэй посетила школу в Кополленде сегодня, и это действительно не очень удачно. Список британских премьер-министр Тереза Мэй посетил Копеленд сегодня до дополнительных выборов. Премьер-министр Великобритании Тереза Мэй была обвинена в том, что ""задавала"" важные вопросы в области здравоохранения кандидатом по вопросам труда, надеясь получить место в парламенте Джилла Троутон. Но это не то, о чем мы сегодня здесь говорим. Мы поймали Детей по поводу того, что мисс Мэй приехала в школу в Бутле, и что там произошло. Премьер-министр Великобритании Тереза Мэй посетил Коулленд сегодня перед выборами на следующей неделе. ПМ были обвинены в том, что ""прогулять"" важные вопросы в области здравоохранения, которые были пойманы сегодня.",2
.. . . . . . . . . . . . . . . . . . . . . . . . .,0
"И сейчас: 8 способов, которые мы изменили с последнего времени, когда у нас был новый президент 8 способов, которые мы изменили с последнего времени, когда у нас был новый президент Это был всего лишь 8 лет назад, когда президент Обама купил в роли диагониста, когда президент Обама, когда у нас был бывший дирижабль Dign Distr. Davig Distr. Davn't Distr. Down't Digest to Heat Treat, но, кажется, это была целая жизнь. Вот восемь культурных кристаллов, которые рассказали нам о нашей политике, но это было похоже на всю жизнь. Тогда Твиттер все еще был новой социальной службой, которую использовали в основном молодые журналисты и ранние усыновители. Взгляд Обамы на них был серым, Бейонсе - это глагол. Сейчас его пользователи посылают более 500 миллионов твитов в день, иногда в флагере 3 утра. Когда Обама забрала офис, ваши дедушки все еще были на Фейсбуке.",0
"И сейчас: 8 способов, которые мы изменили с последнего времени, когда у нас был новый президент 8 способов, которые мы изменили с последнего времени, когда у нас был новый президент Это был всего лишь 8 лет назад, когда президент Обама купил в роли диагониста, когда президент Обама, когда у нас был бывший дирижабль Dign Distr. Davig Distr. Davn't Distr. Down't Digest to Heat Treat, но, кажется, это была целая жизнь. Вот восемь культурных кристаллов, которые рассказали нам о нашей политике, но это было похоже на всю жизнь. Тогда Твиттер все еще был новой социальной службой, которую использовали в основном молодые журналисты и ранние усыновители. Взгляд Обамы на них был серым, Бейонсе - это глагол. Сейчас его пользователи посылают более 500 миллионов твитов в день, иногда в флагере 3 утра. Когда Обама забрала офис, ваши дедушки все еще были на Фейсбуке.",2
. . . . . . . . . . . . . . . . . . . . . . . . . . . . . . . . . .,0
"Это блюдо, которое вы снова найдёте в качестве блюда, которое вы будете делать в качестве блюда, которое вы будете делать в каком-то стиле или в каком-то другом стиле, затем масло и гриль его овощные слабые слизь идеально противопоставляются солевой, мятной, изюминкой и пушистым орехами.",0
"На этой карте показано, сколько годового дохода семьи нужно заработать, чтобы учесть 2% своего состояния.",0
"29 раз братья и сестры мастерски воссоздали свои детские фотографии 29 Times Siblings Мама и папа должны гордиться своими детскими фотографиями. [БОДЬ] Если вы когда-либо застряли на том, что можно получить вашим родителям на праздники или на дни рождения, здесь есть блестящая идея: воссоздать ваши детские фотографии с вашими братьями и сестрами... и затем выложите их в Интернете, потому что они обычно слишком хороши, чтобы не делиться ими. Нужны доказательства? Ниже, 29 раз братья и сестры очень впечатляюще воссоздали фотографии из их детских дней.",2
"В своем заявлении о ракетном ударе по Сирии, совершенном США, президент Трамп заявил, что предотвращение и сдерживание распространения и применения смертоносного химического оружия отвечает интересам национальной безопасности Соединенных Штатов.",2
"В ходе празднования седьмой годовщины свадьбы Бей и Джей Зи 4 апреля, посмотрите, как эта парочка-звёздка продемонстрировала свою любовь.",2
"""Этикист"": Моя подруга обанкротилась. Я должен говорить? Мой друг разорвётся сам. Я должен говорить? Журнал &lt; &lt; Этикист &gt; &gt; , чтобы сказать своему другу о том, что она не осторожна и что она использует ее деньги и что больше. Два года назад она стала дружить с человеком, Синди, который был банкротом и бездомным. Он начал жить с ней после того, как они встретились. Из-за стресса на работе она взяла себе любовницу и жила на сокращенной пенсии. Несмотря на то, что у нее не было много денег, она говорила о том, что у нее есть дары, и что она пошла на это. Два года назад она стала жить вместе с мужчиной, который был банкротом и бездомным. Он начал жить с ней после того, как они познакомились. Синди позаботилась о том, что она делала в будущем.",0
"Информатор Уолл-стрит, который перевернулся через ФБР ""Бро, Inm Goging Rogue"": Уолл-стрит Информант, который Двойной Кросс Их Ги Ги ФБР перевернулся и снова перевернулся. Гай Фрейзер вытащил из ФБР рыбу, которую он вытащил на улицу, и в ту ночь, когда он заключил сделку с ФБР, Гай-Анджелес мог поехать в казино в Коннектику на своей двоюродной вечеринке. Они вытащили его из дома, где он, может быть, вытащил его из машины, где он работал в интернет-магазинах, который очищал миллион долларов в год без особых усилий с его стороны. Затем 36-й парень из рабочего класса, который фингал на пути в дурацкие края финансов, и он одел эту часть на своей двоюродной двоюродной вечеринке.",2
ОДИН ОДИН ОДИН ОДИН ОДИН ОДИН ОДИН ОДИН ОДИН ОДИН ОДИН ОДИН ОДИН ОДИН ОДИН ОДИН ОДИН ОДИН ОДИН ОДИН ОДИН,0
"Пост Билли Рэя Сайруса в Инстаграме заставляет людей задуматься: Майли Сайрус тайно вышла замуж? Майли Сайрус вышла замуж? Билли Рэй заставил людей говорить о Майли Сайрус замуж? Билли Сайрус Пост поднимает вопросы. [БОДИ] Билли Рэй Сайрус отправила в соцсети в режим заговора. Многие певцы страны -- и отец Майли Сайрус -- разместили на своей инстаграме в конце четверг, где люди спрашивают, мисс Сайрус теперь миссис Хемсворт. «Я так счастлива... вы счастливы», написал Сайрус, рядом с фотографией своей дочери, улыбающейся в белом платье. Многие «Смайлеры» восприняли это как подтверждение того, что 24-летний певец тихо мы сняли ее давнюю жениху, Лиам Хемсворт. «Омг, если ты женишься так счастлива за вашу девушку @MileyCyrus GOTMARED... почему я была приглашена?» Парня была впервые обручена в 2022, прежде чем разорили свою семью в 20 января.",0
"""Да, мистер Дэгэг"" сказал, что он часто навещает наш друг ""Джим"", который, по его словам, часто навещает нас в этом городе, но не на протяжении последних четырех или пяти лет. Парижский мэр Энн Хидальго и министр иностранных дел Жан-Марк Айро более не были безопасным местом для американских туристов в речи, произнесенной на Консервативной конференции по политическим действиям. Мы напали на Дональда Трамп после того, как он напал на французскую столицу, сказав, что это была недавняя зона для некоторых американцев. Президент взглянул на французский город больше не был безопасным местом для туристов США в речи, произнесенной на Консервативной конференции по политическим действиям, когда он назвал своего друга ""Джим"", который, по его словам, ударил назад на Дональда Трамп. После того, как он набрался на летнюю столицу, он не называл это ""безнадежной зоной"" для некоторых американцев.",2
"Палестинские рецепты maftoul tabouleh и закатарских куриных рецептов для maftoul Tabuleh и zazatar цыпленка Реципс из Леванта: Джуди Калла свела два традиционных палестинских блюда, курицу, обжаренную задницей, и салат из табулы, приготовленный с мафтулом, большим граном, для пропитки всех региональных блюд, как и все другие пасторские хижины [BODY] Joudita Research Research that that hade that hade that that that trade hade hade that hade that have that have happle that have that challen happle that happle that happle that the pargard make make make make: us us us us us user couse, wor the wor the wor the was us us us cous cous use us cous cous cous cous cous ther thed in the the the the the the the the the the roking shed ru-roking ther ther ther ther ther ther ther ther ther ther ther thed thed ther shing ther th thed shed shed shed thed thed shed shed thed thed thed thed thed shed shed shed shed shed shed shed shed thed shed thed thed thed thed shed thed shed shed shed shed shed sh",0
"8 ошеломляющих мест, где банкиры любят расслабить Горячие спотычки, где банкиры любят отдыхать, как босс или каникулы, как ваш настоящий босс, здесь есть 8 предложений о путешествиях с Уолл-стрит, лучшие. [БОДИЯ] хочет сделать маленькую вещь на следующий отпуск? Выберите свой пункт назначения в стратегическом плане. Мы попросили восемь влиятельных финансистов открыть свои любимые места на свободе. Это наш собственный совет о том, как воссоздать свои поездки. Мы не можем обещать, что они вернутся в свой черный день после сезона, но мы можем пообещать вам, что у нас будет отличная поездка... и достаточно поболтать о следующей коктейльной вечеринке. Epic Adventure in Kenia Witney Tilson, основатель Case Capital Management Whitney Tilson, основатель Dashing the Marse Cap Capital Manages в вашем доме.",0
"Что делает диктующих дивиденды диктующих дивиденды диких диагонистов, как правило, выставляют себе в качестве диких дивидендов дикие диагонисты, в которых находятся их собственные профессиональные интересы? [BODY] Design: Holly Warfield, Forbes Stork Industries вводят свои зубы в сделку? Иногда, крюк в индустрии компании. На хит-шоу у предпринимателей всегда выставляют лучших дивидендов для профессиональных партнёров. ФОРБЕС обнаружила, что 329 компаний приняли сделки на воздухе в первые семь сезонов акул. Мы разговаривали с ними и узнали, что инвесторы обычно заключают сделки там, где их собственные профессиональные интересы лгут. Домовые компании предлагались больше всего сделок, и большинство денег в первых семи сезонах - это агенты по хитрости, и Лори Грейнер, королева КВК, завела их дизайн: Holly Warfield, Forbas shings, 73% соглашений, заключенные на изменение или падение.",2
"На Рождество, конечно, Норвегия сделала рекордно-традиционную марзипанскую свинью. На Рождество, конечно, Норвегия сделала рекордную рекламу марзипанской свиньи. Список в банке Норвегии есть ""Рождественская свинья"", сделанная из марципана в банке, и она была увековечена во время обезвоживания (также марзипан). В Кристиане художники Эрик Пирольт и Стиан Полстад были запрошены в банке города, чтобы показать что-нибудь, чтобы заманить клиентов в их холл. Пиролт рассказала местному банку: в банке в Норвегии есть ""Рождественная свинья"", сделанная марзипаном в банке, и она была увековечена во время обезживания (также марсианский). В хитрости, в хижине, художники Эрик Пирольт и Стиан Поллестад показывала вам, что-то в хитрую хитрость в своем халате. Пиролт сказал, что когда меня попросили сделать самую большую свинную свинью в мире, я был немного ске. Но моя дочь, которая действительно, что это была, и что я, когда я на самом деле, я была на самом деле, я была на самом деле, я была на самом д",2
.. .. . . . . . . . . . . . . . . . . . . . . . . . . . . . . . . . . . . . . . . . . . . . . . . . . . . . . . . . . . . . . . . . . . . . . . . . . . . . . . . . . . . . . . . . . . . . . . . . . . . . . . . . . . . . . . . . . . . . . . . . . . . . . . . . . . . . . . . . . . . . . . . . . . . . . . . . . . . . . . . . . . . . . . . . . . . . . . . . . . . . . . . . . . . . . . . . . . . . . . . . . . . . . . . . . . . . . . . . . . . . . . . . . . . . . . . . . . . . . . . . . . . . . . . . . . . . .,2
"В ходе празднования седьмой годовщины свадьбы Бей и Джей Зи 4 апреля, посмотрите, как эта парочка-звёздка продемонстрировала свою любовь.",0
"По прогнозам, к 2050 году 20 процентов всех европейцев будут членами мусульманской веры. Согласно недавнему исследованию, проведенному Исследовательским центром Пью, 20 процентов стран мира должны были узнать больше о самых захватывающих религиях в мире: «Беливер с Резой Асланом», воскресенья в Си-эн-эн-эн-Интернэшнл в 0200 году по Гринвичу (CNN). Взятые ранее за все европейские дни в качестве члена мусульманской веры 20 процентов всех европейцев, согласно оценкам, будут членами мусульманской веры к 2050 году. Согласно недавнему исследованию, проведенному Исследовательским центром Пью, в период с 2020 по 2050 год мусульмане увели по всему миру на 73 процента больше путешествий, за которыми следуют христиане, которые, согласно прогнозам, будут расти на 35 процентов в течение того же периода времени, а индуисты - на 34 процента. Это означает, что ислам -- в настоящее время вторая по численности населения страны -- превзойдет христианство в качестве крупнейшей религии мира к концу этого с",2
"Что такое «глубокое государство»? и США видят такой подъем, похожий на то, что происходит на Ближнем Востоке? Как Leaks Multiply, Wears of a &quot; Deepeph state &quot; в Америке, Соединенные Штаты рискуют создать укоренившуюся культуру конфликта между президентом и его собственной бюрократией. [BODY] WASINGTON — волна утечек от правительственных должностных лиц окунула администрацию Трампа, в результате чего кто-то может провести сопоставления с такими странами, как Египет, Турция и Пакистан, где теневые сети в правительственных бюрократиях, которые часто называются «депрессивными» государствами, подрывают и принуждают избранные правительства. Так Соединенные Штаты видят подъем своего собственного глубокого государства? Не совсем, говорят эксперты, но они эхочат — и беспокоят. Хотя утечка может быть нормальным и здоровым испытанием для таких стран, как Египет, Турция и Пакистан, может увидеть, что эти тайные сети в правительственных органах власти, часто называются «дешевыми», что США",0
"Стирайте грязное белье, игнорируйте меню обслуживания комнат и другие наводки от высшего шеф-повара как в Hack Room Service, и другие странствующие штучки из Кертиса Стоуна, когда они хитрые шаферы всегда путешествуют с грязным бельём, никогда не обращайте внимания на меню обслуживания комнат, и намеренно звоните в рестораны, где он не может попасть. Вот почему. В Блумберге мы любим путешествовать. В Блумберге есть несколько правил, и мы всегда хотим, чтобы вы делали это, потому что мой хитрый хитрый хитрый халат на всех наших роскошных полях - еда, чаевые и внезапный опыт. В Блумбергском хэтчде есть несколько правил. В Блумбергском шутки, мы всегда хвастаемся своими жизнями, и мы всегда хотим, чтобы его хватали за хитрую жену во всех наших роскослов - едах, винах, винах, моде, машинах - чтобы узнать об их вышках.",2
"Не было вынуждено отменить свою речь в UC Berkeley Conservative Arter Article Directors, ни один из них не сделал ни одного из своих выступлений в UC Berkeley, ни одно из них не было сделано. Консервативная авторница не смогла написать ни одной из своих речей в кампусе, когда ее событие было объявлено и получила оппозицию от администрации UC Berkeley, хотя этот запрет был отменен позднее. Правоохранительные источники предупредили Fox News о том, что не было ни одного события в этом году.",0
"Посмотрите на это видео их реакции так трогательно. Это было почти невероятно. После того, как Хейди Паат хотела подарить своим лучшим друзьям подарки на день рождения, которые заставили их почувствовать себя близкими к родителям, которых они потеряли. 22-летняя студентка из Калифорнийского университета Санта Крус вернулась домой в Монтклер, штат Калифорния. Видео как-то запомнило, что их друзья, как-будто, хвастались своими девчонками. Я так далеко от них во время школы, и я не смог прийти домой на день рождения в январе и феврале. Паат рассказала ""Хафингтон Пост"" в пятницу. Мы познакомились на обеде и я обесценила их мешок своей машины шариками, кексами, различными подарками и самой большой коробкой было то, где были медведи. Обе мои лучшие друзья потеряли своих родителей в течение последних двух лет, и я заполнила их медведями.",0
"Эта бабушка посылает свою внучку ежедневную благодарность за селфи, и она живет в Юте. 2. Сеансы сообщили БаззФед Новости о том, что она и ее бабушка всегда были близки. 3. Ее бабушка называет себя Ипхонэ около двух лет назад, и с тех пор, как эта пара обменялись селями, почти каждый день, все сессии сказали. 4. Она заставляет меня смеяться. Фотографии делают мой день, внучка сказала. 5. Я любила вас от Эйнштейна Баглса. 6. Я любила вас из моей комнаты! 7. Омг. 8. После того, как эти супер-группы общались, все это проигрывали. Моя бабушка посылает мне это каждый день. Она чистейшая вещь на земле и мы должны защищать ее за все расходы.",0
"Родившиеся дети. Мирные договоры подписали 26 чисел, которые идеально схватили 2026 26 чисел, которые идеально схватили 2026 детей. Мирные договоры подписаны. И число людей, баллотировавшихся на пост президента в 2026 году (Хинт: это много). Взгляните на год в цифрах. Дети родились. Мирные договоры подписаны. И число людей, которые баллотировались на пост президента в 2026 году (Хинт: это много). Вот взгляд на год в цифрах.",0
"Что делает диктующих дивиденды диктующих дивиденды диких диагонистов, как правило, выставляют себе в качестве диких дивидендов дикие диагонисты, в которых находятся их собственные профессиональные интересы? [BODY] Design: Holly Warfield, Forbes Stork Industries вводят свои зубы в сделку? Иногда, крюк в индустрии компании. На хит-шоу у предпринимателей всегда выставляют лучших дивидендов для профессиональных партнёров. ФОРБЕС обнаружила, что 329 компаний приняли сделки на воздухе в первые семь сезонов акул. Мы разговаривали с ними и узнали, что инвесторы обычно заключают сделки там, где их собственные профессиональные интересы лгут. Домовые компании предлагались больше всего сделок, и большинство денег в первых семи сезонах - это агенты по хитрости, и Лори Грейнер, королева КВК, завела их дизайн: Holly Warfield, Forbas shings, 73% соглашений, заключенные на изменение или падение.",0
"Я не могу поверить, что мы нормализуем эту исламофобию! Алан Дершовиц: Эллисон: ""Наихудший возможный человек"", в истории Партии Демса, выбирая в качестве председателя Алана Дершовица: ""Наихудший возможный человек"" в истории Партии Демса в качестве председателя [BODY]. Во вторник в эфире будет показ ""Fox Business Network""61. В докладе об разведке, Гарвардский профессор права не должен был называть тебя ""дом"" и Алан Дершовиц сказал, что ""кто-нибудь, кто-то из вас, кто-нибудь, может быть, будет уважать тебя, может быть, это будет быть студентом Кейт Эллисон (D-MNMN), если бы он был избран председателем DNC и был частью ""Louis Farrakhans Antiministian that-shoping"" в течение многих лет. Дершоуитц сказал бы, что кто-нибудь из вас, кто-то бы выбрал Эллисона, кто-то из Dem-Degistics-Dics, он сделал бы для вас, среди многих глупых вещей, демократов демократов. После потери белого среднего класса рабочих людей на Среднего Запада, вы собирались на 9 лет .",2
"29 раз братья и сестры мастерски воссоздали свои детские фотографии 29 Times Siblings Мама и папа должны гордиться своими детскими фотографиями. [БОДЬ] Если вы когда-либо застряли на том, что можно получить вашим родителям на праздники или на дни рождения, здесь есть блестящая идея: воссоздать ваши детские фотографии с вашими братьями и сестрами... и затем выложите их в Интернете, потому что они обычно слишком хороши, чтобы не делиться ими. Нужны доказательства? Ниже, 29 раз братья и сестры очень впечатляюще воссоздали фотографии из их детских дней.",0
ОДИН ОДИН ОДИН ОДИН ОДИН ОДИН ОДИН ОДИН ОДИН ОДИН ОДИН ОДИН ОДИН ОДИН ОДИН ОДИН ОДИН ОДИН ОДИН ОДИН ОДИН ОДИН,0
"Посмотрите на это видео их реакции так трогательно. Это было почти невероятно. После того, как Хейди Паат хотела подарить своим лучшим друзьям подарки на день рождения, которые заставили их почувствовать себя близкими к родителям, которых они потеряли. 22-летняя студентка из Калифорнийского университета Санта Крус вернулась домой в Монтклер, штат Калифорния. Видео как-то запомнило, что их друзья, как-будто, хвастались своими девчонками. Я так далеко от них во время школы, и я не смог прийти домой на день рождения в январе и феврале. Паат рассказала ""Хафингтон Пост"" в пятницу. Мы познакомились на обеде и я обесценила их мешок своей машины шариками, кексами, различными подарками и самой большой коробкой было то, где были медведи. Обе мои лучшие друзья потеряли своих родителей в течение последних двух лет, и я заполнила их медведями.",2
"На этой карте показано огромное увеличение числа «смерти от отчаяния» за период с 2000 года. &quot; Умершие от отчаяния &quot; . Вызываются среди исследователей белого рабочего класса, которые бьют тревогу в связи с ростом смертности в белом рабочем классе, в основном в четверг в связи с экономическими потрясениями, которые настолько сильно переплетались между собой, что даже успешная политика понадобилась бы годам для того, чтобы их развеять. &quot; Учёные &quot; , которые бьют тревогу в связи с ростом смертности в белом рабочем классе, обвиняли в том, что в четверг смертность была связана с экономическими потрясениями, которые создали сеть социальных проблем настолько сильно переплетающихся, что даже успешная политика по-прежнему может привести к их размножению. &quot; Смертность и заболеваемость &quot; , которые измеряют вероятность смерти или болезни в в возрастной группе, начали расти в конце 2990-х годов для менее образованных белых. &quot; Учь &quot; , &quot; , &quot; улучшая &q",2
.. . . . . . . . . . . . . . . . . . . . . . . . . . . . . . . . . . . . . . . . . . . . . . . . . . . . . . . . . . . . . . . . . . . . . . . . . . . . . . . . . . . . . . . . . . . . . . . . . . . . . . . . . . . . . . . . . . . . . . . . . . . . . . . . . . . . . . . . . . . . . . . . . . . . . . . . . . . . . . . . . . . . . . . . . . . . . . . . . . . . . . . . . . . . . . . . .,2
"По прогнозам, к 2050 году 20 процентов всех европейцев будут членами мусульманской веры. Согласно недавнему исследованию, проведенному Исследовательским центром Пью, 20 процентов стран мира должны были узнать больше о самых захватывающих религиях в мире: «Беливер с Резой Асланом», воскресенья в Си-эн-эн-эн-Интернэшнл в 0200 году по Гринвичу (CNN). Взятые ранее за все европейские дни в качестве члена мусульманской веры 20 процентов всех европейцев, согласно оценкам, будут членами мусульманской веры к 2050 году. Согласно недавнему исследованию, проведенному Исследовательским центром Пью, в период с 2020 по 2050 год мусульмане увели по всему миру на 73 процента больше путешествий, за которыми следуют христиане, которые, согласно прогнозам, будут расти на 35 процентов в течение того же периода времени, а индуисты - на 34 процента. Это означает, что ислам -- в настоящее время вторая по численности населения страны -- превзойдет христианство в качестве крупнейшей религии мира к концу этого с",0
"Источник информации о том, где президент Трамп получает некоторые из своих новостей: Отслеживание того, где президент Трамп получает некоторые из своих новостей, где президент Трамп получает некоторые из своих новостей [BODY] Источники информации для многих твитов президента Трампа и некоторые из его публичных заявлений стали яснее со временем. Трамп в последние месяцы твитнул информацию после того, как, очевидно, увидел ее в телевизионной новостной программе или прочитал ее на новостном веб-сайте. Президент, похоже, высказал предпочтение некоторым новостным программам и выставке «Wox News» в «Wox» («Wox» («Wox» — «Wox of Wash» («Wox» — «Woxthing» — «Weather» — «Treat» — «Weashing» — «Treat» — «Treashing» — «Treat» — «Weashing» — «Treat» — «Treat» — «Treats» («Treats» — «Treasholdies» — «Tream» — «Treats» — «Treats» —» — это три раза в последние восемь дней.",2
"Что такое «глубокое государство»? и США видят такой подъем, похожий на то, что происходит на Ближнем Востоке? Как Leaks Multiply, Wears of a &quot; Deepeph state &quot; в Америке, Соединенные Штаты рискуют создать укоренившуюся культуру конфликта между президентом и его собственной бюрократией. [BODY] WASINGTON — волна утечек от правительственных должностных лиц окунула администрацию Трампа, в результате чего кто-то может провести сопоставления с такими странами, как Египет, Турция и Пакистан, где теневые сети в правительственных бюрократиях, которые часто называются «депрессивными» государствами, подрывают и принуждают избранные правительства. Так Соединенные Штаты видят подъем своего собственного глубокого государства? Не совсем, говорят эксперты, но они эхочат — и беспокоят. Хотя утечка может быть нормальным и здоровым испытанием для таких стран, как Египет, Турция и Пакистан, может увидеть, что эти тайные сети в правительственных органах власти, часто называются «дешевыми», что США",2
. . . . . . . . . . . . . . . . . . . . . . . . . . . . . . . . . . . . . . . . . . . . . . . . . . . . . . . . . . . . . . . . . . . . . . . . . . . . . . . . . . . . . . . . . . . . . . . . . . . . . . . . . . . . . . . . . . . . . . . . . . . . . . . . . . . . . . . . . . . . . . . . . . . . . . . . . . . . . . . . . . . . . . . . . . . . . . . . . . . . . . . . . . . . . . . . . . . . . . . . . . . . . . . . . . . . . . . . . . . . . . €€€€€€€€€€€€€€€€€€€€€€€€€€€€€€€€€€€€€€€€€€€€€€€€€€€€€€€€€€€€€€€€€,2
"Полярный медведь пупсик даёт волну камерам в немецком зоопарке. Полярный медведь даёт волну камерам в немецком зоопарке, который просит публику назвать его еще не названным полярным медведем, родившимся в берлинском зоопарке Тирпарк, который прошел первую медицинскую проверку и выглядел контентом, даже выглядя, чтобы дать волну камерам. [БОДИ] Прекрасный полярный медведь смотрел на содержимое, пройдя медицинский осмотр, чтобы проверить его состояние и пол, даже показался, что он даёт волну камерам. Еще не названный пуповина родилась 3 ноября того же года и впервые была представлена миру в декабре прошлого года. Несмотря на то, что в конце месяца необходимо будет еще один осмотр, чтобы четко определить пол новорожденного. Двухмесячный режиссерский мяч все еще имеет хрустальное имя, но зодиоратники говорят, что он будет ходить с большей стабильностью в предстоящие недели, когда он будет созревать. В настоящее время в Берлине 67-метровый предшественец, чтобы четко определитьый медведец сн",2
"Выиграйте один из 22 талантливых даров дизайнера на сумму 7 250 фунтов стерлингов и помогите Рождественскому благотворительному призыву телеграфа. Выиграйте один из 22 блестящих подарков дизайнера на сумму 7 250 фунтов стерлингов, и помогите диктовать золотые золотые мешки в золоте, чтобы вы могли получить золотые золотые золотые мешки. И самое лучшее, что вы сделаете, поможете поддержать благотворительный призыв Телеграфа... За последние 26 лет, благотворительный призыв Телеграфа – наша ежегодная инициатива с читателями собрать средства на три достойных дела по всей стране – подняла более чем 23м фунтов стерлингов для улучшения жизни нуждающихся. Безотносительно к нашему великому дизайнерскому хитрость и политической ситуации, они будут использовать удивительную щедрость ваших пожертвований, больших или малых, уникальных или повторяемых, никогда не кажется махшим. Это свидетельствует о сочувствии и духе, что это остается центральным для рождественских посланий. В этом году благотворит",0
. . . . . . . . . . . . . . . . . . . . . .,2
"Мама сражалась против антиклинтонного мема, используя фото дочери Нью-Дэй, будни 6-9ам ЭТ Мама борется против антиклинтонного мема с помощью дочкой, когда фото ее 4-летней дочери, позировавшей Хиллари Клинтон, было превращено в тревожный мем, Дженнифер Джонс сказала, что она в шоке. Когда фотография ее 4-летней дочери, спящей с Хиллари Клинтон, была превращена в тревожный мем, Дженнифер Джонс сказала, что она была в шоке, когда ее 4-летняя девчонка пошла на спектакль, и что она была в шоке, и что мой ребёнок не смог увидеть это, она сказала Алисину Камероте на ""Новом дне"" СННН во вторник. Фотография с фотографией Джонса, Сулливана, одетого как Клинтон на Хэллоуин, и выставленной с кандидатом на пост президента. На следующий день после выборов фотография была отредена антимусульманская риста и провока относительно позиции Клинтона в кризисе. Джонс сказала, что она отказалась и приняла решение о том, чтобы убрать меня из Интернета.",0
"Я не могу поверить, что мы нормализуем эту исламофобию! Алан Дершовиц: Эллисон: ""Наихудший возможный человек"", в истории Партии Демса, выбирая в качестве председателя Алана Дершовица: ""Наихудший возможный человек"" в истории Партии Демса в качестве председателя [BODY]. Во вторник в эфире будет показ ""Fox Business Network""61. В докладе об разведке, Гарвардский профессор права не должен был называть тебя ""дом"" и Алан Дершовиц сказал, что ""кто-нибудь, кто-то из вас, кто-нибудь, может быть, будет уважать тебя, может быть, это будет быть студентом Кейт Эллисон (D-MNMN), если бы он был избран председателем DNC и был частью ""Louis Farrakhans Antiministian that-shoping"" в течение многих лет. Дершоуитц сказал бы, что кто-нибудь из вас, кто-то бы выбрал Эллисона, кто-то из Dem-Degistics-Dics, он сделал бы для вас, среди многих глупых вещей, демократов демократов. После потери белого среднего класса рабочих людей на Среднего Запада, вы собирались на 9 лет .",0
"Что Беркширы узнали, запустив свою собственную валюту Odd Lots: что Беркширы выучили, запуская свою собственную валюту, новый вращатель на ""покупка на местном уровне"". [BODY] подписывает на подкаст Блумберга Оддд Лотса (Pocket Fasts) Одд Лотс, подпишет на подкаст Блумберга Одд Лотса (iTunes) Odd Lots Каждую неделю, организует Джо Вейсентал и Трейси Сорвей принимают вас на не так уж и хитрую тему на рынках, в финансах и в экономике. ""Буай локальный"" - это мантра, которая имеет привлекательность по всему политическому спектру. Малые общины проповедуют это проповедование на протяжении длительного времени. Нынешний президент США выступает за версию в национальном масштабе. Так как вы делаете это на практике?",0
"Есть одна деталь об этой фотографии #PitchPerfect3, в которой фанаты царапают головы. ""Что это с этими игрушечными фотографиями?"" В любом фильме есть хорошие новости, но эти фотографии, как в фильме, показывают нам почесать головы. Ребель Уилсон поделила свою фотографию рядом с костюмчиками Бриттани Сноу и Крисси в костюмах, которые, как мы думаем, связаны с фильмом. Снег и Фит - это сплошные стриптизёрши, на которых они показывали сверху, но [BODY] Любые новости о том, что Pitch Perfect 3 - это хорошая новость, но эти фотографии Instagram поцарапали нам головы. Ребел Уилсон поделилась фотографией рядом с костюмами Бриттани Сноу и Крисси в костюмах, которые, как мы думаем, связаны с этим фильмом. (Pitchtatch'che'che'ther'd'treger'tk - это - это, но, вон, вон, вон, это, вон, это, вон, вон, вон, вон, вон, это, вон, вон, вон, вон, вон, вон, вон, вон, вон, вон, вон, вон, это, это, вон, это, врод, вон, вон, вон, вон, вон, врод, вон, вон, вон, вон, вон, вон, вон, вон, вон, вон, врод, вон, во",0
"Вы можете найти волшебного моряка? Вы можете спасти моряка от моря? Фидентично трудный умник бросает вызов сети, чтобы обнаружить моряков в волнах. Последний винтажный хитрый хитрый жулик, которым пользуется Плайбузз, на самом деле бросает вызов сети, чтобы обнаружить матрос, потерявшийся в море до того, как он утонет. Когда появляется все больше и больше головоломок из прошлого, они становятся все более и более загадочными, обнаруживая скрытый объект, почти невозможно заметить. Самый последний хитрый хитрый хитрый хитрый хитрик, с которым держится хитрый хитрый хитрый хитрик, который, как оказалось, бросается на пальцы, чтобы найти его плывущего в море, прежде чем он утонет. [БОДИ] бьет старым судном, чтобы справиться с волнами моря с одним из четырех моряков, бьет все вокруг него все больше и больше.",0
"Это #Pi Day. Вот несколько интересных фактов, которые вы должны знать: Pi Day: ряд вещей, знающих День Пи, отмечается 24 марта, чтобы почтить известное иррациональное число. Праздновать день этими интересными фактами о пи и дне Пи. [BODY] Math enthusiasts все об этом знают, а остальное население, вероятно, надеется на вишнёвый пирог. Но 24 марта это день Пи. И каждый год предоставляет широкие возможности для изучения. В 32 десятичных местах, известное иррациональное число, которое никогда не заканчивается, это 3,24252653589393246338395. Если вы хотите оценить, как это выглядит, 20 цифр THOUSAND, то нажмите здесь. Несколько больше тибитов о пи и Пи Дне Пи.",2
"Источник информации о том, где президент Трамп получает некоторые из своих новостей: Отслеживание того, где президент Трамп получает некоторые из своих новостей, где президент Трамп получает некоторые из своих новостей [BODY] Источники информации для многих твитов президента Трампа и некоторые из его публичных заявлений стали яснее со временем. Трамп в последние месяцы твитнул информацию после того, как, очевидно, увидел ее в телевизионной новостной программе или прочитал ее на новостном веб-сайте. Президент, похоже, высказал предпочтение некоторым новостным программам и выставке «Wox News» в «Wox» («Wox» («Wox» — «Wox of Wash» («Wox» — «Woxthing» — «Weather» — «Treat» — «Weashing» — «Treat» — «Treashing» — «Treat» — «Weashing» — «Treat» — «Treat» — «Treats» («Treats» — «Treasholdies» — «Tream» — «Treats» — «Treats» —» — это три раза в последние восемь дней.",0
"На этой карте показано, сколько годового дохода семьи нужно заработать, чтобы учесть 2% своего состояния.",2
"""Амазон взломал интернет опечаткой Амазонки, взломав Интернет опечаткой One, человеческая ошибка привела к скоплению нескольких сайтов. [БОДИ] Инцидент, который сделал некоторые из веб-сайтов недоступными на этой неделе, был результатом человеческой ошибки. Амазонка (AMZN, Tech30) опубликовала объяснение о том, что во вторник нарушено обслуживание S3, часть Amazon Web Services, которая обеспечивает размещение сотен тысяч веб-сайтов и приложений. Оказалось, что это был опечатка. В заявлении в четверг Amazon сказал, что один из сотрудников в его команде S3 может работать над проблемой с расчетной системой, и имел в виду взять небольшое число серверов вне сети, но они неправильно вошли в команду и удалили гораздо более крупный набор серверов. Амазонка ""внесла несколько изменений"" в свою систему, чтобы избежать аналогичного события в будущем. ""Gith, sense text isplacing measters of the Agazo int ress to the ress witing the res wit to res witing the ther ress witing the ress witing the Sy S",2
"""Амазон взломал интернет опечаткой Амазонки, взломав Интернет опечаткой One, человеческая ошибка привела к скоплению нескольких сайтов. [БОДИ] Инцидент, который сделал некоторые из веб-сайтов недоступными на этой неделе, был результатом человеческой ошибки. Амазонка (AMZN, Tech30) опубликовала объяснение о том, что во вторник нарушено обслуживание S3, часть Amazon Web Services, которая обеспечивает размещение сотен тысяч веб-сайтов и приложений. Оказалось, что это был опечатка. В заявлении в четверг Amazon сказал, что один из сотрудников в его команде S3 может работать над проблемой с расчетной системой, и имел в виду взять небольшое число серверов вне сети, но они неправильно вошли в команду и удалили гораздо более крупный набор серверов. Амазонка ""внесла несколько изменений"" в свою систему, чтобы избежать аналогичного события в будущем. ""Gith, sense text isplacing measters of the Agazo int ress to the ress witing the res wit to res witing the ther ress witing the ress witing the Sy S",0
"Эта бабушка посылает свою внучку ежедневную благодарность за селфи, и она живет в Юте. 2. Сеансы сообщили БаззФед Новости о том, что она и ее бабушка всегда были близки. 3. Ее бабушка называет себя Ипхонэ около двух лет назад, и с тех пор, как эта пара обменялись селями, почти каждый день, все сессии сказали. 4. Она заставляет меня смеяться. Фотографии делают мой день, внучка сказала. 5. Я любила вас от Эйнштейна Баглса. 6. Я любила вас из моей комнаты! 7. Омг. 8. После того, как эти супер-группы общались, все это проигрывали. Моя бабушка посылает мне это каждый день. Она чистейшая вещь на земле и мы должны защищать ее за все расходы.",2
"Тереза Мэй сегодня посетила школу в Коуплэнде, и она действительно не прошла хорошо Тереза Мэй посетила школу в Кополленде сегодня, и это действительно не очень удачно. Список британских премьер-министр Тереза Мэй посетил Копеленд сегодня до дополнительных выборов. Премьер-министр Великобритании Тереза Мэй была обвинена в том, что ""задавала"" важные вопросы в области здравоохранения кандидатом по вопросам труда, надеясь получить место в парламенте Джилла Троутон. Но это не то, о чем мы сегодня здесь говорим. Мы поймали Детей по поводу того, что мисс Мэй приехала в школу в Бутле, и что там произошло. Премьер-министр Великобритании Тереза Мэй посетил Коулленд сегодня перед выборами на следующей неделе. ПМ были обвинены в том, что ""прогулять"" важные вопросы в области здравоохранения, которые были пойманы сегодня.",0
ОДИН ОДИН ОДИН ОДИН ОДИН ОДИН ОДИН ОДИН ОДИН ОДИН ОДИН ОДИН ОДИН ОДИН ОДИН ОДИН ОДИН ОДИН ОДИН ОДИН ОДИН ОДИН ОДИН ОДИН ОДИН ОДИН,0
"Карта, где продовольствие является наиболее дорогим в Европе, является самой высокой в Швейцарии, в то время как Соединенное Королевство, по данным Евростата, является десятым по стоимости в Европейском союзе. По данным Евростата, данные обследования 440 сопоставимых продуктов питания, напитков и табака. По данным Евростата, уровень потребления алкоголя в Ирландии был примерно на 75 процентов выше среднего показателя по ЕС, в то время как в Болгарии он был на 36 процентов ниже. В Соединенном Королевстве он был самым высоким (229 процентов по сравнению со средним показателем по ЕС), тогда как в Болгарии он был самым низким (на 50 процентов ниже). Таким образом, данные по выпивке и сигаретам поступают в Болгарию. Ниже приводится разбивка данных: в рамках ЕС Дания является самой дорогой страной для хлеба и зерновых, мяса и рыбы, в то время как Кипр является наиболее дорогой страной для молока, сыра и яиц. Из всех 38 стран Румыния является самой дешевой страной для хлеба и зерновых, Албани",0
"В то время как Моана продолжает побеждать в офисе, встречает некоторых женщин, которые проложили путь для принцесс, которые не нуждаются в принцессе или нелепо маленьких талиях. Когда появились новые образы полинезийской девушки в центре Моаны летом, многие сразу же заметили героиню , выглядящую твердо, реалистическое тело. Это была преднамеренная попытка, отчасти вдохновлённая желанием, чтобы она была другой, содиректор Джон Мускер рассказала о различных хрониках в июле. Мы хотели, чтобы она стала героем. Хотя Мукер увидел Моанас мускулистое тело как знак ее разницы, некоторые фанаты Дисней могли услышать что-то знакомое в его заявлении. Я хотел, чтобы она была очень хорошей девушкой. Я хотел, чтобы герой-ординатор Брэвэнд Чапман рассказала в Нью-Йорк Таймс в 2022 году о том, как герцогство Мерида.",0
. . . . . . . . . . . . . . . . . . . . . . . . . . . . . . . . . . . . . . . . . . . . . . . . . . . . . . . . . . . . . . . . . . . . . . . . . . . . . . . . . . . . . . . . . . . . . . . . . . . . . . . . . . . . . . . . . . . . . . . . . . . . . . . . . . . . . . . . . . . . . . . . . . . . . . . . . . . . . . . . . . . . . . . . . . . . . . . . . . . . . . . . . . . . . .,0
"Не было вынуждено отменить свою речь в UC Berkeley Conservative Arter Article Directors, ни один из них не сделал ни одного из своих выступлений в UC Berkeley, ни одно из них не было сделано. Консервативная авторница не смогла написать ни одной из своих речей в кампусе, когда ее событие было объявлено и получила оппозицию от администрации UC Berkeley, хотя этот запрет был отменен позднее. Правоохранительные источники предупредили Fox News о том, что не было ни одного события в этом году.",2
"Проверьте полный список партнеров на первом сольном альбоме Гарри Стайлза, #SignofTimes, один сингл ""Account Full Recurts for Harri Styles"": ""Odgay Done's"" («Список всех коллаборационистов» Гарри Стайлз», ""Aghedged Dages"" и ""Dign Gaves"" («Организаторы мира») и ""Ogning Dign Gaze"" («Официальные сольные сольные синглы Гарри Стайлз»), ""Drages"" — первый сингл из своего будущего сольного дебюта, который должен был быть выпущен 22 мая. Согласно песням, предоставленным лейблом Styless, ""Hary Dagery"" и ""Официанты"" — ""Она"" — ""Она"" — ""Она"" и ""Она"" — ""Она"" — ""Она"" — ""Она"" и ""Она"" — ""Она"" — ""Она"".",0
. . . . . . . . . . . . . . . . . . . . . .,0
"Информатор Уолл-стрит, который перевернулся через ФБР ""Бро, Inm Goging Rogue"": Уолл-стрит Информант, который Двойной Кросс Их Ги Ги ФБР перевернулся и снова перевернулся. Гай Фрейзер вытащил из ФБР рыбу, которую он вытащил на улицу, и в ту ночь, когда он заключил сделку с ФБР, Гай-Анджелес мог поехать в казино в Коннектику на своей двоюродной вечеринке. Они вытащили его из дома, где он, может быть, вытащил его из машины, где он работал в интернет-магазинах, который очищал миллион долларов в год без особых усилий с его стороны. Затем 36-й парень из рабочего класса, который фингал на пути в дурацкие края финансов, и он одел эту часть на своей двоюродной двоюродной вечеринке.",0
"Что Беркширы узнали, запустив свою собственную валюту Odd Lots: что Беркширы выучили, запуская свою собственную валюту, новый вращатель на ""покупка на местном уровне"". [BODY] подписывает на подкаст Блумберга Оддд Лотса (Pocket Fasts) Одд Лотс, подпишет на подкаст Блумберга Одд Лотса (iTunes) Odd Lots Каждую неделю, организует Джо Вейсентал и Трейси Сорвей принимают вас на не так уж и хитрую тему на рынках, в финансах и в экономике. ""Буай локальный"" - это мантра, которая имеет привлекательность по всему политическому спектру. Малые общины проповедуют это проповедование на протяжении длительного времени. Нынешний президент США выступает за версию в национальном масштабе. Так как вы делаете это на практике?",2
"Кто должен заменить Бейонсе в #Coachella? Голосовать! Кто должен заменить Бейонсе в Коачелле? Голосовать! Среди всех вопросов, заданных после того, как Бейонсела была открыта, самый большой из них: кто заполнит в этом году любимый пост Королевы Б? Голосует за ваш любимый вариант в нашем опросе. [БОДИ] К большому сожалению, Бейончо официально вытащила свое предложение на фестиваль 2027 года и вместо этого будет выступать в 2028 году. Несмотря на то, что она была обеспокоена ее ранее объявленным выступлением Коучеллы, когда Бей открыл на февр. 2, что она ожидает близнецов, она все еще не ощутила сердечную боль от ее отмены (что на самом деле было сделано по приказу доктора, и мы бы не подумали о том, что это было бы лучше, если бы вы подумали, что-нибудь подумали бы о том, что у вас есть, как у кого-то, как у кого-то, у кого-то, у кого-то, кого-то, кого-то-то-то-то-то-то-----------------------------------------------------------------------------------------------------------------------",2
"Стирайте грязное белье, игнорируйте меню обслуживания комнат и другие наводки от высшего шеф-повара как в Hack Room Service, и другие странствующие штучки из Кертиса Стоуна, когда они хитрые шаферы всегда путешествуют с грязным бельём, никогда не обращайте внимания на меню обслуживания комнат, и намеренно звоните в рестораны, где он не может попасть. Вот почему. В Блумберге мы любим путешествовать. В Блумберге есть несколько правил, и мы всегда хотим, чтобы вы делали это, потому что мой хитрый хитрый хитрый халат на всех наших роскошных полях - еда, чаевые и внезапный опыт. В Блумбергском хэтчде есть несколько правил. В Блумбергском шутки, мы всегда хвастаемся своими жизнями, и мы всегда хотим, чтобы его хватали за хитрую жену во всех наших роскослов - едах, винах, винах, моде, машинах - чтобы узнать об их вышках.",0
"На Рождество, конечно, Норвегия сделала рекордно-традиционную марзипанскую свинью. На Рождество, конечно, Норвегия сделала рекордную рекламу марзипанской свиньи. Список в банке Норвегии есть ""Рождественская свинья"", сделанная из марципана в банке, и она была увековечена во время обезвоживания (также марзипан). В Кристиане художники Эрик Пирольт и Стиан Полстад были запрошены в банке города, чтобы показать что-нибудь, чтобы заманить клиентов в их холл. Пиролт рассказала местному банку: в банке в Норвегии есть ""Рождественная свинья"", сделанная марзипаном в банке, и она была увековечена во время обезживания (также марсианский). В хитрости, в хижине, художники Эрик Пирольт и Стиан Поллестад показывала вам, что-то в хитрую хитрость в своем халате. Пиролт сказал, что когда меня попросили сделать самую большую свинную свинью в мире, я был немного ске. Но моя дочь, которая действительно, что это была, и что я, когда я на самом деле, я была на самом деле, я была на самом деле, я была на самом д",0
ДЖЕЙСОН: ДЖЕЙСОН: ДЖЕЙСОН: ДЖЕЙСОН: ДЖЕЙСОН: ДЖЕЙСОН: ДЖЕЙСОН: ДЖЕЙСОН: ДЖЕЙСОН: ДЖЕЙСОН: ДЖЕЙСОН: ДЖЕЙСОН: ДЖЕЙСОН: ДЖЕЙСОН: ДЖЕЙСОН: ДЖЕЙСОН:,2
"Это блюдо, которое вы снова найдёте в качестве блюда, которое вы будете делать в качестве блюда, которое вы будете делать в каком-то стиле или в каком-то другом стиле, затем масло и гриль его овощные слабые слизь идеально противопоставляются солевой, мятной, изюминкой и пушистым орехами.",2
Награды Billboard Music Awards 2018,0
Принц Гарри и Меган Маркл женятся 19 мая 2018 года,0
Принц Гарри и Меган Маркл женятся 19 мая 2018 года,2
Награды Billboard Music Awards 2018,2
Ты можешь жениться на моем муже,0
Бейонсе Ноулз — самый высокооплачиваемый черный музыкант в истории 2014 года.,0
Греция известна как Хеллас.,0
Дэвид Боуи - один из самых продаваемых музыкантов в мире.,2
Печать родилась 19 февраля 1963 года.,2
Печать родилась 19 февраля 1963 года.,0
Премьера состоялась в 2008 году.,0
Мартин Скорсезе является лауреатом премии AFI Life Award.,2
Джерри Голдсмит получил номинацию на Грэмми.,2
Дебютный студийный альбом Alkaline Trio — Godnnit.,0
Курт Англ родился 9 декабря 1968 года.,0
Бейонсе стал самым высокооплачиваемым черным музыкантом в истории 2014 года.,2
В Телангане находится город Низамабад.,0
Джон Хантсман-младший родился 26 марта 1960 года.,2
Джеймс Блейк (музыкант) выпустил как минимум три альбома.,2
У Оззи Осборн была сольная карьера.,0
Льв - это фильм.,0
Эрих фон Манштейн был приговорен к 12 годам тюремного заключения.,2
Сан-Франциско - город.,2
Джейми Фокс родился в 1967 году.,0
Крис Хардвик родился 23 ноября 1971 года.,0
Джеймс Блейк (музыкант) выпустил как минимум три альбома.,0
Джефф Перри был сценаристом.,0
Карла Мэлоуна зовут Почтальон.,0
Брат Уайата Эрпа родился в 1841 году.,2
Болезнь Лайма заразна.,0
Чикаго - это город.,2
Египет является членом Движения неприсоединения.,0
Нигерия занимает седьмое место в мире по численности населения.,2
Джон Фанте - американский писатель.,2
Будапешт - это город.,2
Мартин Скорсезе является лауреатом премии AFI Life Award.,0
Показатели анорексии в развивающихся странах неясны.,0
Польша является восьмой по величине экономикой Европейского союза.,0
Джек Дорси родился 19 ноября 1976 года.,2
Теодор Рузвельт учился в школе.,0
Джейми Фокс родился в 1967 году.,2
Мирка Федерер родилась в 1978 году.,2
Саутпорт - это город.,0
Oz the Great and Powerful был выпущен в обычных театрах.,2
Курт Англ родился 9 декабря 1968 года.,2
Будапешт - это город.,0
Пока Дон не станет приключенческой видеоигрой.,0
Шер была в фильме 2010 года.,2
Сикхизм в сикхе означает ученик.,0
Эрих фон Манштейн был приговорен к 12 годам тюремного заключения.,0
Население Казахстана составляет 63%.,0
Джерри Голдсмит получил номинацию на Грэмми.,0
"Саркоидоз встречается чаще у женщин, чем у мужчин.",2
Inferno (2016) — третий эпизод в серии фильмов Роберта Лэнгдона.,2
Польша является восьмой по величине экономикой Европейского союза.,2
Греция известна как Хеллас.,2
Брат Уайата Эрпа родился в 1841 году.,0
Hice & Slow появляется на альбоме My Way.,2
Бриджит Макрон - учительница средней школы.,2
Дидье Дрогба родился 11 марта 1978 года.,0
Google был вторым самым ценным брендом в мире на протяжении 4 лет подряд.,0
Дидье Дрогба родился 11 марта 1978 года.,2
"Билли Боб Торнтон снимался в фильме ""Папа и они"".",0
Грейс Джонс никого не вдохновляла.,2
Я до тебя - романтическая драма.,2
Стамбул - это город.,2
Первая концертная роль Ронды Рузи была в 2014 году.,2
У Оззи Осборн была сольная карьера.,2
Владимир Путин изучал немецкий язык в средней школе.,2
Джефф Перри был сценаристом.,2
Шер была в фильме 2010 года.,0
Пока Дон не станет приключенческой видеоигрой.,2
50 Cent занял третье место среди лучших рэперов 2000-х годов.,2
Джеральд Форд простил Ричарда Никсона.,2
Египет является членом Движения неприсоединения.,2
Вещание новостей - это фильм.,0
Владимир Путин изучал немецкий язык в средней школе.,0
Лахор - это город.,0
Катрина Кайф - самая высокооплачиваемая актриса Болливуда.,2
Хор был музыкальной комедией.,2
Премьера снуки & Jwoww состоялась 22 октября 2013 года.,0
Ислам является самой быстрорастущей основной религией в мире.,0
Отец Эдварда Нортона - Джеймс Рус.,2
Point Place — вымышленный город.,0
Пирс Броснан работает по крайней мере с 1997 года.,0
Джефф Бриджес получил премию Академии.,2
Силиконовая долина находится в северной части Калифорнии.,0
Эдди Веддер родился 23 декабря 1964 года.,2
В Азербайджане отмечается низкий уровень безработицы.,0
Иэн Глен родился в 1961 году.,2
"Число новых случаев заболевания шингелями в год колеблется от 3,9 до 11,8 на 1;000 среди лиц старше 65 лет.",2
One More Light был выпущен в 2017 году.,2
Как тренировать своего дракона (фильм) проиграл американский биографический фильм.,0
В Нидерландах есть город Гаага.,2
"По состоянию на 2010 год, численность населения составляла 336 человек.",2
Ислам является второй по величине религией мира.,2
Арестован в 2003 году.,2
Премьера снуки & Jwoww состоялась 22 октября 2013 года.,2
Манчестер Сити не один из самых богатых клубов в мире.,2
Эмилио Эстевес родился в 1962 году.,2
Стивен Буссеми родился 13 декабря 1957 года.,0
Саутпорт - это город.,2
В 1992 году в Лос-Анджелесе произошли беспорядки.,0
Оскар Уайлд был одним из самых популярных драматургов Лондона.,0
Шайенн Джексон получила премию Бостонского общества кинокритики 2006 года за лучший ансамбль.,2
Джефф Бриджес получил премию Академии.,0
Бейонсе стал самым высокооплачиваемым черным музыкантом в истории 2014 года.,0
Нигерия занимает седьмое место в мире по численности населения.,0
Мирка Федерер родилась в 1978 году.,0
Джеральд Форд простил Ричарда Никсона.,0
Премьера состоялась в 2008 году.,2
Лидия Хёрст родилась 19 сентября 1984 года.,2
Население Казахстана составляет 63%.,2
Джон Фанте - американский писатель.,0
Бейонсе Ноулз — самый высокооплачиваемый черный музыкант в истории 2014 года.,2
"Число новых случаев заболевания шингелями в год колеблется от 3,9 до 11,8 на 1;000 среди лиц старше 65 лет.",0
Мария I родилась в 1734 году.,0
Мерил Стрип дебютировала в 1975 году.,0
Арестован в 2003 году.,0
Джон Пертве был в серии с 1979 по 1981 год.,0
Фредерик Огюст Бартольди был художником.,2
"Контркультура включает в себя больше, чем в основном обществе.",0
Эдди Веддер родился 23 декабря 1964 года.,0
Ислам является самой быстрорастущей основной религией в мире.,2
Сикхизм в сикхе означает ученик.,2
"""Звездный путь"" - это фильм.",2
Пирс Броснан работает по крайней мере с 1997 года.,2
Прометей начал производство в апреле 2010 года.,0
"Саркоидоз встречается чаще у женщин, чем у мужчин.",0
Шерриби - это фильм.,2
В Телангане находится город Низамабад.,2
Лахор - это город.,2
Отец Эдварда Нортона - Джеймс Рус.,0
Катрина Кайф - самая высокооплачиваемая актриса Болливуда.,0
В Оксфордском университете нет главного кампуса.,2
50 Cent занял третье место среди лучших рэперов 2000-х годов.,0
Джон Хантсман-младший родился 26 марта 1960 года.,0
Google был вторым самым ценным брендом в мире на протяжении 4 лет подряд.,2
Жену Ричарда Никсона звали Тельма.,0
"По состоянию на 2010 год, численность населения составляла 336 человек.",0
Силиконовая долина находится в северной части Калифорнии.,2
Жену Ричарда Никсона звали Тельма.,2
В 2015 году Токио стал 11-м самым дорогим городом для экспатриантов.,2
Inferno (2016) — третий эпизод в серии фильмов Роберта Лэнгдона.,0
Грейс Джонс никого не вдохновляла.,0
В 2015 году Токио стал 11-м самым дорогим городом для экспатриантов.,0
Ноам Чомски изучал математику.,0
Эмилио Эстевес родился в 1962 году.,0
Дэвид Боуи - один из самых продаваемых музыкантов в мире.,0
Point Place — вымышленный город.,2
Ноам Чомски изучал математику.,2
Оскар Уайлд был одним из самых популярных драматургов Лондона.,2
Стивен Буссеми родился 13 декабря 1957 года.,2
Бриджит Макрон - учительница средней школы.,0
Крис Хардвик родился 23 ноября 1971 года.,2
Стамбул - это город.,0
One More Light был выпущен в 2017 году.,0
В 1992 году в Лос-Анджелесе произошли беспорядки.,2
"Стратфорд, Лондон находится в Великобритании.",2
Ислам является второй по величине религией мира.,0
"""Звездный путь"" - это фильм.",0
Манчестер Сити не один из самых богатых клубов в мире.,0
Иэн Глен родился в 1961 году.,0
Чикаго - это город.,0
Мельбурн - это город.,0
Hice & Slow появляется на альбоме My Way.,0
"Контркультура включает в себя больше, чем в основном обществе.",2
В Нидерландах есть город Гаага.,0
Джек Дорси родился 19 ноября 1976 года.,0
Прометей начал производство в апреле 2010 года.,2
"Стратфорд, Лондон находится в Великобритании.",0
Мерил Стрип дебютировала в 1975 году.,2
Oz the Great and Powerful был выпущен в обычных театрах.,0
Сан-Франциско - город.,0
Как тренировать своего дракона (фильм) проиграл американский биографический фильм.,2
"Билли Боб Торнтон снимался в фильме ""Папа и они"".",2
Шерриби - это фильм.,0
Шайенн Джексон получила премию Бостонского общества кинокритики 2006 года за лучший ансамбль.,0
