recovered_row_index,text,is_spam1_or_clickbait2,reviewed_label,translation_ok,comment
628304,"Эрика, пожалуйста, предоставьте мне необходимую информацию о том, что компания e g контактный адрес и т.д. Я прослежу, чтобы мы получили соглашение о конфиденциальности, продвигающееся вперед. Благодарите первоначальную информацию от Bess Erica отправили в среду october number beas number number out number number out number am to Greenberber mark cc Alon Heather conduction Agency for enroonline main mainstem мы выбрали дальние студии в качестве агентства для перепланировки Enroononline.",0,,,
140782,"Draymond Green on Warriors, Drayvond Green, Draigngond Green with Warriors Blowing 24-Point Signing that that Dreatging that that that that Trilld That Draymond Green Green, видит большую картину в их тяжёлой потере дома для Гризли. [BODY] Dravant State Warriors' 228-229 / Dreaching that the Memphis Grizzlies that that dreat threat threat threat threat that threat threat threat threat wars this this this that be breaking that the that the that be be thre that thre that thing by be that by by by by by be that be thing be thing thing thing th be thing thing thing thing thing thing thing th be be we thing thing thing, thing thing thing thing thing thing ther thed thed thed thing thed th the y by by by by by by by by by by by by by by by by by by by by by by by by by by by by by by by by by by by by y y y y by by by by by by by by by y by y y y y y y y y y y y y y y y y",0,,,
46334,"А, если собес завтра, тогда лучше поспать))",0,,,
615853,"Я был бы признателен, если бы вы рассмотрели следующий кандидат на логистическую должность Тома Мураджра в настоящее время менеджер по ценным бумагам для инвестиций в верность в районе Далласа, но был бы заинтересован в поиске должности в энергетическом бизнесе в Хьюстоне, у него есть диплом bba из Бейлора и Mba из Далласского университета. Я понимаю, что вы можете взять интервью в это время или в ближайшем будущем, и я был бы признателен за ваше отношение к нему на должность, которую я с радостью представлю вам, и дайте дополнительную информацию о Томе, если у вас есть интерес ко мне в экстази номер побега.",0,,,
476021,"Если вы хотите заплатить по визе, я лично не могу обработать вашу карточку, вам нужно либо открыть счет по адресу www paypal com или www feedpay com оба они потратят около минуты, чтобы установить, но пожалуйста, чтобы платёж был бесплатной услугой, но легче использовать все цены есть в нас. Пожалуйста, по электронной почте ваш почтовый адрес для ускорения обработки заказа и включить ваш электронный адрес или доступный на аукционе на вашем сайте, чтобы не заплатить денежный журнал покупной мишени, тогда как вы потратите больше всего денег по номеру побег по номеру по номеру побега по номеру по номеру по номеру побега для более быстрых побегов, см. ниже общего числа побегов по страховым номерам, добавьте побег по номеру, если я не пришлю еще одного человека, не получая по авиапочтойка, добавьте номер побег по номеру по электронной почте по номерному номеру по номеру по электронной почте, или по номеру по электронной почты по электронной почте.",0,,,
244649,Анджела Лэнсбери - дочь актрисы и политика.,0,,,
96862,"Скачок акций США, индекс Доу Джонса достиг рекорда",0,,,
334949,Тоби Магуайр — актёр из США.,0,,,
89139,Бомба взрывается на переполненной улице Сан-Паулу,0,,,
367182,Дата начала : 1 / 14 / 02 ; часовой час : 16 ; никаких дополнительных графиков не присуждается . Не обнаружено никаких отклонений . сообщения log : обработка файла - > o : \ портленд \ Westdesk \ california planing \ so conduction \ 2002011416 . txt,0,,,
43439,"Дальше, пусть x = pi. Тогда произведение будет 0. Как и, очевидно, для любых x = 2^(k-1)*pi",0,,,
412009,В хешоте может кто-то помочь с ключами и значениями определить хеш-количество хеш-количество хедж-номер хэпп номер номер unick number number number unit number ney number never never number never number niver num nume num yiescape num num number neign lock internation that mark note that mark number b kones that that not international number number une number une number name control control number number number neign number be number nevelop of neept number number number ne that the the the the the that that that state name name name that that that that maint per per th th per th th th th th th th the th th th th th th th th th th th th th th th th th th it it it it it it it it it it it ho th ho th ho th th th th th th th th th th th it it it th it it it ho ho th th th th th it it it it it it ho ho ho th y th th th th y y th th th th th th th th th th th th th th th th th th th th it th th th th th it,0,,,
98091,Уровень безработицы в Испании превышает 27 процентов.,0,,,
54250,"Да лан, нормальные желания у человека.",0,,,
297690,В серии PBS Kids нанял Кристофера Ллойда.,0,,,
11327,пересмотренный план 2002 года по связям с общественностью Вот пересмотренный план Эрик,0,,,
67780,"Уже дали понять. Стало известно, что скоро случится с Зеленским и Залужным",0,,,
59311,"Вопрос всем любителям данных, подписавшимся на этот замечательный сабреддит: где я могу найти надежные исторические данные по таким темам, как раса, возраст и неравенство в США, сгруппированные по штатам (страна — слишком широкое понятие, округ — слишком подробное). Я начал искать на сайте Census.gov, но не могу найти никаких легко загружаемых данных до 2010 года. Я хотел бы увидеть эволюцию за последние пару десятилетий. Может ли кто-нибудь указать мне правильное направление?",0,,,
377434,На сайте httpsamba sernet de matter number unit number bzr revno number number disign number displic number displace number number bzrstam mond number number never number number number number number number nevel number будет включать в реестр эффективный только в глобальных параметрах general degal degal dign diret diret diret direct diret direct perview periors dword и будут преобразованы в строй в that number dream number number number number ney number bt control controlm creparm dislum number disques deign dislart num num numn dis ne disld ne ma dister ne ma dise maint dispress dist dist dist dist dire dire dist ver ver ver ver ver ver ver ver ver ver ver ver ver ver ver ver ver ver ver ver ver ver ver ver ver ver ver regr ver ver ver ver ver ver ver ver ver ver ver ver ver mad reg ver ver ver ver ver ver ver reg ver reg ver ver mad red red red red reval ver ver ver ver ver ver ver mad reqar mad red reqar ver ver ver mad reqar ver ver ver ver ver mad mad mad mad mad mad mad mad mad mad mad mad mad mad mad mad ver,0,,,
289218,"Каран Джохар получил награду из фильма 2010 года ""Моё имя Хан"".",0,,,
11042,  Abbs Я говорил с Leadain в Калгари Они сделали предложение на 3 млн канадских долларов без турбин ABB Они не планируют продолжать потому что Lavorato прокомментировал что лучше придержать участок по этой цене Участок разрешен для ABB Я попросил Leadain прислать мне их оригинальную информационную записку о продаже участка  с турбинами  возможно стоит попробовать снова продать этот проект Прошло время рынок там может открыться скоро Онтарио только что установил новый пик а цены на востоке выросли на прошлой неделе Крис Калгер 503 464 3735 Исходное сообщение от  Kitchen Louise Отправлено  Среда 15 августа 2001 г 15 14 Кому  Calger Christopher Wiggs Brett ben тема  abbs можете ли вы подтвердить что мы все еще ведем переговоры с ребятами в канаде относительно продажи abbs с участком moore я упоминаю об этом только потому что горячий список показывает что они планируют продать участок но я не уверен что это осуществимо без объединения турбин спасибо louise,0,,,
635947,Sara fyi Corporate Secretary Ok управляла работой группы по обслуживанию официальных минимальных книг enron Companies uk Suc Sackleton Sara отправила номер побега toursday number jannuary number never number never number pm jones tana cc Bayey susan субъект enron recolution tana number tana navision tana kully может захотеть иметь дело с cond Lonon Legals может не нужно что-либо спасибо Sara pricular mess number january num num num num num num out num neep num num num pm shackleton sara enron recolution inc.,0,,,
573367,"По мнению международного сообщества, для того чтобы привлечь к участию в мероприятиях по поддержанию мира, следует отметить, что на совещаниях по международному сотрудничеству в области экономического сотрудничества были проведены дискуссионные совещания, в которых международные сотрудники, занимающиеся вопросами международного гуманитарного сотрудничества, также участвуют в работе по поддержанию мира.",0,,,
15545,colstrip отрезан на 09/06/01 Для тех кого это может касаться просто хотел сообщить что блоки colstrip 1–4 отключились примерно в 2 45 Интегральное число которое мне дала было 19 МВт поэтому я купил трансмиссионное колесо на 13 МВт у  из portland general в   Более того на период с 04 по 07 графики были сведены к нулю и я пополнил запасы у и купил трансмиссионное колесо у  то же самое что и выше  Новые предложения в enpower  764045 764203 и 764168 Если у вас есть какие-либо вопросы я поместил вырезанные ноты Кейт Саймс в файл аккордеона и поместил вырезанные ноты в Lotus под соответствующими контрагентами  ExpressPip Holnam Luzenac Louisiana Pacific и Ashgrove  Если у вас есть какие-либо вопросы пожалуйста позвоните мне bert meyers,0,,,
301348,Леди Гага работала автором песен.,0,,,
301727,В Дубае находится самое высокое здание в мире — Бурж Халифа.,0,,,
246666,Разработчик Крида - Ubisoft.,0,,,
13215,первоначальный список контрагентов Луиза прилагается первоначальный список имен контрагентов на дату запуска Если имя было в первоначальном списке который вы предоставили мы добавили всех основных контрагентов в группу Поскольку нам необходимо будет получить одобрение кредитных лимитов в ускоренном порядке пожалуйста предоставьте любые корректировки этого списка которые вы сочтете необходимыми как можно скорее Спасибо Билл,0,,,
270586,Брэйс Бэд выиграл восемь Сателитовых наград.,0,,,
304996,Мария Шарапова была миром No 1 в 18.,0,,,
373975,"Я уверена, что жизнь - это череда уроков, которые должны быть поняты. Палург, ищу источник для медикатимона? Лучший виагкра и циалфюрис. Быстрый вес (приводная вольность) потери и антидепрессантный медикатидгон! Лучшие затраты на валиубжм и ксанамркс. Лучшие сделки, 80 пенсерт. Мы отправляем сюда и получаем его: http: /// selcydc. com / dl 3 / индекс. php? id = dl 3 вы абсолютно анонимны! амбиции, если они питаются, так и на честолюбии других. Когда вы боитесь врага, боитесь раздавить вашу силу и эта слабость дает силу вашим противникам.",1,,,
8708,ADV  Обработка платежей фиксированная комиссия 8% Команда Soft2Reg <link rel=STYLESHEET textcss =cssmain css> < textcss> Black11 {РАЗМЕР ШРИФТА  11 пикселей ЦВЕТ  черный   НАТЯЖЕННОСТЬ ШРИФТА  обычная ОФОРМЛЕНИЕ ТЕКСТА  отсутствует} Red13 {размер шрифта  13 пикселей   sans serif начертание шрифта  жирное цвет  красный} <bod = 0 600 =2 0 275> < =http <linkhttp <link> 0 alt=<link> right 100%> <hr 0 0 600 =4 0 =6699cc +1 000000> Сервис Soft2reg com Обновление 0 600 =4 0 Black11> Здравствуйте Приносим извинения за нежелательное электронное письмо но мы заметили что вы используете онлайн-процессор кредитных карт на своем веб-сайте который взимает с вас гораздо больше чем вы должны платить Мы Soft2Reg com и мы специализируемся на недорогой онлайн-обработке кредитных карт для разработчиков электронных продуктов Наши ставки являются самыми низкими в отрасли <span Red13>фиксированная комиссия 8% за все онлайн-транзакции по кредитным картам Мы предоставляем вам ссылку на каждый из ваших продуктов содержащий ваш логотип и вы размещаете ее на своем веб-сайте для бесшовной интеграции обработки кредитных карт За эту простую но эффективную услугу мы взимаем всего 8% с ваших онлайн-продаж Если вы хотите узнать больше о нас посетите < =http <link<HR noShade 1> Спасибо Команда Soft2Reg < =http <link,1,,,
391013,"мистер Джошуа Нкоси, банк Абса ограничен в %, Джоаннесбург, Южная Африка . Дорогой сэр, я мистер Джошуа Нкоси , менеджер купюры в иностранном отделе перевода денег в моём департаменте, мы обнаружили заброшенную сумму из нас 14 $, 700 , 000 . . (14 миллионов, семьсот тысяч золотых долларов) в следующий раз, когда вы будете иметь прежний счет, который принадлежит одному из наших иностранных клиентов, которые теперь будут тратить на него всю его семью , в новеньком 1996 , в гадком авиакатастрофе . и он оказался иностранцем . так как мы получили информацию о его смерти . . . . . . . . . . . . . . . . . . . . . . . . . . . . . . . . . . . . . . . . . . . . . . . . . . . . . . . . . . . . . . . . . . . . . . . . . . . . . . . . . . . . . . . . . . . . . . . . . . . . . . . . . . . . . .",1,,,
430525,х х х х х х х х х no numn ney no num no num ney no num ney num num ney num ney num ney num ney ney num num num unit num число ney num номер ney num ney num no no dise num ney num num ney nee num ney nee num you ney year number year level number ney number nevel num number neveld num number neep num num num number ney neep num never num th number neep number neept,1,,,
369667,"Получите лучшие копии часов, которые мы продадим только за премиальные часы, нет батареи в этих копиях, как настоящие, так как они заряжаются, когда вы двигаетесь второй рукой так же, как и настоящие, и эти оригинальные часы продаются в магазинах за тысячи долларов мы продаем их за гораздо меньшее копирование к наименьшему номеру побега номер идеально точный маркированный зеленый наклейка w серийный номер на смотровой дальний увеличившийся быстрый свидание включает в себя всю нужную маркировку",1,,,
375599,".. ..что касается регалиса (супер-вигра)? Регалис содержит тадалафил 20 мг, который является одним и тем же активным ингредиентом, найденным в бренде циалис.. было доказано, что он помогает большому большинству мужчин, страдающих от эректильной дисфункции (также называется импотенция) * .. циалис никогда не получается в качестве супер-вигра или в выходные дни, потому что его последствия начинаются рано или поздно. Мужчины, у которых есть проблемы с имполисом, сообщают о том, что регалис увеличивает сексуальное удовольствие и остается власть, а также увеличивают размер и жесткость эрекции. * . * * Ваша ♪ 1309850 200 * * * * * * ♪ ♪ ♪ ♪ ♪ ♪ ♪ ♪ ♪ ♪ ♪ ♪ ♪ ♪ ♪ ♪ ♪ ♪ ♪ ♪ ♪ ♪ ♪ ♪ ♪ ♪ ♪ ♪ ♪ ♪ ♪ ♪ ♪ ♪ ♪ ♪ ♪ ♪ ♪ ♪ ♪ ♪ ♪ ♪ ♪ ♪ ♪ ♪ ♪ ♪ ♪ ♪ ♪ ♪ ♪ ♪ ♪ ♪ ♪ ♪ ♪ ♪ ♪ ♪ ♪ ♪ ♪ ♪ ♪ ♪ ♪ ♪ ♪ ♪ ♪ ♪ ♪ ♪ ♪ ♪ ♪ ♪ ♪ ♪ ♪ ♪ ♪ ♪ ♪ ♪ ♪ ♪ ♪ ♪ ♪ ♪ ♪ ♪ ♪ ♪ ♪ ♪ ♪ ♪ ♪ ♪ ♪ ♪ ♪ ♪ ♪ ♪ ♪ ♪ ♪ ♪ ♪ ♪ ♪ ♪ ♪ ♪ ♪",1,,,
57661,"Привет, вам надоело, что ваши посты не получают достаточно лайков? Что ж, вам повезло, потому что наша социальная сеть предлагает вам решение! Благодаря нашему специальному алгоритму мы гарантируем, что ваши посты получат больше лайков, чем когда-либо прежде. И не только это, но у нас также есть эксклюзивные функции, которых нет ни на одной другой платформе. Наша новая кнопка «спам своим друзьям» позволяет вам легко отправлять одно и то же сообщение всем вашим контактам одновременно, потому что кто не любит получать одно и то же сообщение несколько раз? И не беспокойтесь о конфиденциальности, нас это не волнует. Мы с радостью продадим вашу личную информацию сторонним компаниям",1,,,
27716,программное обеспечение по невероятно низким ценам  на 84 % ниже  Ухань леттерер чувствовал себя человеком на справедливый который снова что я нежное яйцо одинокий бар когда-либо управлять много говорить круглый теперь вес быстрая надежда на запад меньше следовать лицо порт человек рядом семья лицо последний где скорее сила двор сократить состояние два плакать работа существительное чей мы центр,1,,,
442497,"В настоящее время в ваш район отправляются коробки с образцами бренда свободного имени, просто введите код zip, чтобы подтвердить вашу поставку бесплатных здоровых образцов http://windows com underway number bey number unduction number survey number survey number com nj number under com t undway number leasing number trmediaescape number не больше почты http pun frew com u bey number sube number speedy uwaterloo ca number или писать в Worbow number be ver number ver name md name number md bease number",1,,,
377409,"Я - мистер Перссон - заместитель директора одного из главных банков здесь, в Незерландах. Я был бухгалтером покойного мистера Марио Ридинтона, который должен был сделать, чтобы вы могли попрошайничать по любому законному поводу, который был подрядчиком здесь, в нижних землях. 21 июля 2000 года мой клиент, его жена и их единственный сын были причастны к автокатастрофе в Амстердаме. Я должен был получить от вас все необходимые документы, чтобы вы могли спасти свою жизнь. С тех пор я сделал несколько запросов в его посольстве, чтобы найти каких-либо моих родственников, но это также оказалось безуспешным. После этих нескольких неудачных попыток, я решил связаться с вами как с ближайшим родственником мира Марио Риджинтон. Я связался с вами через два дня, чтобы вы получили от него деньги, чтобы вы смогли получить их от моего клиента до того, как они будут конфискованы или объявлены непригодными для использования акционерами этого банка, чтобы они могли поделиться между собой дивидендами.",1,,,
494674,"Агенты по звёздам, хранящие будущие звёзды, в том числе первые звёзды, команды по звёздам.",1,,,
65437,"ВНИМАНИЕ ВСЕМ УЧАСТНИКАМ ЭТОЙ СЕТИ!!! 📢📢📢 СРОЧНОЕ СООБЩЕНИЕ 🚨🚨🚨 Пришло время зажечь 🔥🔥🔥 и присоединиться к окончательной революции образа жизни!!! 💃💃💃 У нас есть все, что вам нужно, чтобы оставаться в тренде 💅 и быть впереди игры 🎮: 👉 Ежедневные вдохновляющие материалы для вашей ленты (нажмите дважды, если вы согласны 👍👍) 👉 БЕСПЛАТНЫЕ планы тренировок (кому нужен абонемент в спортзал? 💪) 👉 Эксклюзивные предложения на",1,,,
554410,"Приветствую, глава Хиксба, статьи с мешками кости дают нам мысль о том, что возможно весь сюжет будет он схватил бы доктора с силой неупорядоченный пер пер пер пер пер пер, казалось, что перивиг по-настоящему благородный, связанный в деле, нужда в судьбе, который сделал бы спорт в то время, что за столом плохое письмо надежды как ужас найти милосердных людей, чей факт должен послать слово о намерениях вспыльчивый гнев может найти слова, которые королевская Мэри вернула их и чудесная светлость понимает риск в должности личный грация очарование",1,,,
392823,"Попробуйте сегодня бесплатный образец и посмотрите, что все, говорящие о чем-то из первых http footfalle com t t outlong jh number, это объявление было представлено вам с помощью nutracore нового законодательства, которое обычно именуется спам-актом бега номер теперь позволяет вам указать, что вы предпочли бы, чтобы вы не связывались с этим рекламодателем снова вы можете сделать это одним из двух способов, вы можете написать им по этому адресу nutracore inc int inten melanie leger number be number number be number droit number doctville Ontario canada lescape number, если вы решите сделать это, пожалуйста, распечатайте копию этой рекламы и включить его с вашей просьбой или вы можете обратиться к следующему каналу внизу веб-страницы, который вы можете написать неподписанную ссылку на нижнюю страницу страницы, введите ваш адрес электронной почты, а затем будет удален в течение нескольких часов httpfant undering under under dels delsingtent user dels dels dels dest dest dest dest dest dest dest dest dires dest dist dist dire dire dist dire dire dire dister int drugtatttat unch dest dest delttattat untattattattattat unch dat unj dattat unal dat una dis dat unitttttt una dat unal dat unal dat und dat ru d und d d unal dat unda dat ru dis dis dis dis una d ru d d d ru d d d ru d ru s s d d d d ru s s s s s d d du s s du s du s du s du s s du s du s datttttttttttttt",1,,,
528870,~ ~ à à à à à dana davis enron com субъект à à à à à à à à à à à à à à à à à à à à à à à à à à à à à à à à à à à à à à à à à à à à à mé à à à à à à à à à à à mé à à mé num numm num miscape number number number meccape number number mext dired number dire disqual made déscappert déscap déscap made déscap made déscap made déscapper made dé dé dé déscapd made déscapd made dé décad déscapper made dicape dicape dicape dum dice dice dice dice déscat déscaper mad mad made déd made décaper mad mad mad dé dice dat dé décème dé déscе dicape dice décape dice dice dice dice dice dice dat dat dice dice dice dice dice dice dice dice dice dice dice dice dice dice dat d mad d mad d mad dice dice dice décaper mad dat dest dest deccaper d mad d mad d mad d mad d mad d mad d mad d mad d mad de de d mad d mad d mad dest d mad dest dе dе dе dе,1,,,
397236,"Здравствуйте, не хотите ли вы потратить меньше времени на свои мелкэтлоны? Посетите магазин ""Фарамсибималл"" и сэкономите до 7-5% вау ag c это ll mvl ra lal и многие другие - - - - - оригинальное сообщение - - - - - посмотрите на наши самые низкие цены в сети!",1,,,
374287,"Программное обеспечение означает, что ни один DVD-cd не упаковывает, ни буклетов, ни каких-либо накладных расходов, поэтому программное обеспечение является синонимом для самой низкой цены покупки непосредственно от производителя платит за программное обеспечение и сберегает бэк-номер, проверяет наши скидки и специальные предложения находят программное обеспечение для дома и офиса различных платформ, ведущих производителей мгновенные скачки горячих окон x pro spescapent number massinum massinum adobout number dise number number number dise number disclaph number ado be number beign number beign number number mess number mast number matter matter matter matter a docread number done name done done me done me displact num num num number mess num mat made doctime preeept preeign dispect dispect dispect det ped dise dise ped peed peed peed ped peed mad mad speed mad mad mad mad made main main mad mad mater det mater det main main main main are mater det mad main main main dis mad main main det det det det main det det det det mad met mad mat det det det det mad det mad det mad det mad det main main main main main mad d mad main mad d ma d met det ma d main d main det main det det d main dre det det det",1,,,
593570,d) discade dicape dicape dicaps dicaps dicaps discade dicape dicape dicaps dicaps dicaps dicaps dicape dicaps dicaps dicaps dicaps dicaps dicaps dicaps dicaps dicaps dicaps discade dicame discade dicame discade number discade discapd number discade discade discade dicape dicape dicape dicaps dicaps dicaps dicaps dicaps dicaps dicaps dicaps dicaps dicaps dicaps dicaps dicape dicape dicaps dés déscap dicape déscap dés déscap dés déscapum da da déscap déscap dédum des déscap de descap de de made déd mad mad mad dis mad de de mad de déscapent de mad mad mad mad mad de de de de mad mad mad mad mad dis mad mad mad mad dis mad mad,1,,,
436162,"Мемориальное значение, которое он написал мне сейчас, если он пойдет пчелой или смерть повернется",1,,,
552380,* * * * * * * * * * * * * * * * * * * * * * * * * * * * * ** * * * * * * * * * * * * * * * * * * * * * * * * * * * * * * * * * * * * * * * * * * * * * * * * * * * * * * * * * * * * * * * * * * * * * * * * * * * * * * * * * * * * * * * * * * * * * * * * * * * * * * * * * * * * * * * * * * * * * * * * * * * * * * * * * * * * * * * * * * * * * * * * * * * * * * * * * * * * * * * * * * * * * * * * * * * * * * * * * * * * * * * * * * * * * * * * * * * * * * * * * * * * * * * * * * * * * * * * * * * * * * * * * * * * * * * * * * * * * * * * * * * * * * * * * * * * * * * * * * * * * * * * * * * * * * * * * * * * * * * * * * * * * * * * * * * * * * * * * * * * * * * * * * * * * * * * * * * * * * * * * * * * * * * * * * * * * * * * * * * * * * * * * * * * * * * * * * * * * * * * * * * * * * * * вый вый будет будет будет будет будет будет будет будет будет будет будет будет будет будет будет будет будет будет будет будет будет будет будет будет будет будет будет будет будет будет будет будет будет будет будет будет будет будет будет будет будет будет будет будет будет будет будет будет будет будет будет будет будет будет будет будет будет будет будет будет будет будет будет будет будет будет будет будет будет будет будет будет будет будет будет будет будет будет будет будет будет будет будет будет будет будет будет будет будет будет будет будет будет будет будет будет будет будет будет будет будет будет будет будет будет будет в,1,,,
369227,"Убежать из побега, бегать из побега, бегать из побега, убежать из побега, убежать, убежать, убежать, убежать, убежать, убежать, убежать, убежать, убежать, убежать, убежать, убежать, убежать, убежать, убежать, убежать, убежать, убежать, убежать, убежать.",1,,,
58328,"«ВАУ! Невероятные новости, ребята! Мы только что заключили партнерское соглашение с самым потрясающим брендом! Приготовьтесь посетить лучшее место для шопинга, где представлены самые горячие тренды и непревзойденные предложения!!»",1,,,
17862,  информация которую вы запросили l 5315 привет вы получили мое письмо с прошлой недели я рад сообщить вам что мы готовы предоставить вам ипотечный кредит со ставкой 3 70% ваш номер отслеживания # 9 026 396 вы должны перейти по ссылке ниже в течение 24 часов чтобы подтвердить свои данные http  realhomeowner com/ partid = moffob с наилучшими пожеланиями менеджер по забою avis us first brokerage options  realhomeowner com/st html,1,,,
372170,"Татуировка, заказывающая лекарства, должна быть простой ~ частной ~ защищенной не требуется никакой записи p ~ r ~ электронной записи, paliourg - для u, если вы не любите e - торговля http: / / dorothea . 123 ws 4 smeds . com / out html",1,,,
9312,СМОТРИТЕ ВЫ ПОБЕДИТЕЛЬ здесь Не упустите свой шанс 6674 ФИНАЛЬНОЕ УВЕДОМЛЕНИЕ НОВАЯ ПРОГРАММА выплачивает вам НЕМЕДЛЕННО Начните СЕГОДНЯ с самой быстрорастущей БИЗНЕС-ВОЗМОЖНОСТЬЮ в США НЕ MLM Здесь вы получаете КРУПНЫЕ чеки в тот же день Используйте Интернет чтобы зарабатывать деньги 24 часа в сутки Я заработал невероятные 21 000 долларов в июне и докажу это если вы захотите Это может сделать каждый СИСТЕМА AUT O PILOT НАША система генерирует все ЛИДЫ для ВАС МИНИМАЛЬНЫЕ денежные затраты позволят вам НАЧАТЬ СЕГОДНЯ Программа доступна ТОЛЬКО в США и Канаде Вы готовы ИЗМЕНИТЬ СВОЮ ЖИЗНЬ Чтобы получить БЕСПЛАТНУЮ ИНФОРМАЦИЮ об этом ПОСЛЕДНЕМ ПРЕДЛОЖЕНИИ отправьте электронное письмо на адрес  RickBellrist@excite com с темой ОТПРАВИТЬ ИНФОРМАЦИЮ  НЕ нажимайте ОТВЕТИТЬ   Чтобы удалить отправьте электронное письмо с темой УДАЛИТЬ на адрес  RickBellrist@excite com DeathToSpamDeathToSpamDeathToSpam Это электронное письмо sf net спонсируется  ThinkGeek Добро пожаловать в рай для гиков http thinkgeek comsf Рассылка Spamassassin Sightings Spamassassin Sightings@lists sourceforge net https lists sourceforge sightings,1,,,
637581,"Здравствуйте всем Ларри Кэмпбеллу, величайшим ребятам из семейства и фотографиям, и только нелегальным контентом мы производим высококачественный форум поддержки видео- и фотоархивов для наших пользователей Вы можете обменяться коллекциями с другими членами, и больше в частной зоне вы можете найти форум для наших членов и гораздо более жесткое блюдо для бега http vack numberfox com vf посетите нас на http lertin com vf",1,,,
532129,.. . . . . . . . . . . . . . . . . . . . . . . . . . . . . . . . . . . . . . . . . . . . . . . . . . . . . . . . . . . . . . . . . . . . . . . . . . . . . . . . . . . . . . . . . . . . . . . . . . . . . . . . . . . . . . . . . . . . . . . . . . . . . . . . . . . . . . . . . . . . . . . . . . . . . . . . . . . . . . . . . . . . . . . . . . . . . . . . . . . . . . . . . . . . . . . . . . . . . . . . . . . . . . . .,1,,,
384170,Надпись на сайте: http://www.un.org/un.org/un.org/un.org/un.org/a/66/66/81/81/81/81/81/81/81/81/81/81/81/81/81/81/81//////////////////////////////////////////////////.,1,,,
554506,"Новый кд-ром помогает создать огромное состояние бесплатной информации, что если вы сможете получить полный доход, раздавая отправку номер кд-ром, что если компания платила вам каждый день что если бы это был год сбежавших парней, то если бы не было реальной конкуренции и все нуждались в нашей услуге что если бы вам заплатили когда кто-то заходит на ваш сайт и видит самую горячую видеопрезенцию когда-либо и записали бы, если бы вы наименьше любопытны о том, почему этот кд-ром делает нам удачу все, что вам нужно сделать это просто послать по электронной почте в адрес темы Getmorasap Yahoo Com, пожалуйста, прислайте мне больше информации, пожалуйста, покажите ваше имя и адрес электронной почты в теле электронной почты, которую мы все вам должны знать, чтобы подписаться и заработать деньги сегодня, чтобы быть удаленными с будущих рассылки внизу и отправить в почтовый ящик",1,,,
610501,:: повышение эффективности мер по улучшению полового желания;,1,,,
322841,"Оставаясь с Джонсом, у него был бюджет в 0 долларов.",2,,,
238855,Премьера шоу состоялась на FOX.,2,,,
311429,Идрис Элба не был номинирован на премию Прайм Тайм Эмми.,2,,,
231228,"Анжелина Джоли обвиняет Брэда Питта в том, что он не выплачивает достаточно алиментов на ребенка.",2,,,
280169,Point Place редко появляется на американской ситкоме.,2,,,
304698,Кэтрин Хепберн не была в классическом голливудском кинеме.,2,,,
79838,"25 ""Голубая Айви"" справилась вместе лучше, чем ты",2,,,
70718,"Можете ли вы закончить эти цитаты из ""Эльфа""",2,,,
83127,Можешь ли ты догадаться о знаменитости их сестры?,2,,,
85296,"27 карт Ваш Валентин будет любить так же сильно, как Канье любит Канье",2,,,
289207,Египет не имеет богатого культурного наследия.,2,,,
242880,Уильям Шекспир был английским философом.,2,,,
75023,Этот Доктор может успокоить плачущего ребенка за секунды и его трюк полностью взорвется,2,,,
147391,"Дочь Уоррена Баффетта показывает, что она узнала, что ее отец был богатым Сьюзан Баффетт раскрыла удивительный способ узнать, что ее отец, Уоррен Баффетт, был богатым богатым девушкой, как её отец, и как ее отец, и она определенно не слышала об этом от своих родителей. ""Я не имел ни малейшего понятия о деньгах, пока я не был долго в старшей школе и не вышел из Омахи, и Сьюзан рассказала бизнесу инсайдеру.""",2,,,
239818,Доктор Холлидей сохранил все свои деньги.,2,,,
245199,Дэниел Крейг не посещал школу музыки и драматического искусства.,2,,,
140409,"""Должно быть, непредназначенные последствия использования диафрагмы Digital-Card Thiees Move Online as Chips Twart In-Store Molore"" ( &quot; Принятие технологии чип-карты в США &quot; ) имеет непреднамеренные последствия: &quot; Developing &quot; ( &lt; &lt; Взгляните на &gt; &gt; ) 200-летние &quot; Digner &quot; ( &lt; &lt; Взгляните на &gt; &gt; ) в качестве хитрого &lt; &lt; Develop &gt; &gt; ( &gt; ) &lt; &lt; Develop Yaho Finance on Finclorfox &gt; &gt; ( &gt; ) ). &lt; &lt; &lt; &lt; &lt; &lt; &lt; &lt; &lt; &lt; &lt; &lt; &lt; &lt; &lt; &lt; &lt; &lt; &lt; &lt; &lt; &lt; &lt; &lt; &lt; &lt; &lt; &lt; &gt; Внее &lt; Внее &gt; Вспуй &gt; Мо &gt; Мо &gt; Моё &gt; &gt; Мо &gt; &gt; &gt; &gt; &gt; &gt; &gt; &gt; &gt; &gt; &gt; &gt; &gt; &gt; &gt; Мо &gt; &gt; Мо &gt; Мо &gt; Мо &gt; &gt; &gt; Мо &gt; &gt; &gt; &gt",2,,,
81431,"42 Вещи, которые вы, вероятно, не знали о ""Гарри Поттере и пленнике Азкабана""",2,,,
75956,29 Таймс Тумблр имел прекрасно идеальное время,2,,,
331466,Рожденный этот путь - это место.,2,,,
155854,"21 Причёски, которые будут хорошо смотреться на всех.",2,,,
66950,«Огонёк»-2024: вот кого увидят зрители,2,,,
328923,Роуз Кеннеди не смогла получить титулы.,2,,,
66246,Пугачева выставила резкий ультиматум для возвращения в Москву,2,,,
79944,Старающиеся парни наблюдают за К-попом в первый раз,2,,,
256561,Эзра Эдельман держится подальше от документального производства.,2,,,
156194,"21 Видеоигры ""Гарри Поттер"" научили нас жизни",2,,,
231129,"Фанаты Сказали ""Футаж"" показывают, что у Майли Сайрус есть ребёнок",2,,,
149104,"К... Защитник призывает к более строгому контролю за оружием: легальное оружие, не отличающееся от незаконного оружия. Колонка в Защитнике утверждает, что все ""традиционное оружие"" — это проблема, а все ""трагичное оружие"" — это проблема, и к сообществу ЛГБТ — это проблема, и оно призывает к тому, чтобы оно сражалось за контроль над оружием, и к сообществу ЛГБТО не сражалось с оружием, как это было сделано 22 июня 2026 года, как оружие с оружием, с помощью которого они вели полный поиск оружия в ночной клуб Орландо Пульсе. Колонка, написанная Игорем Волским и Марком Глейзом, была застрявшая в движении по контролю над оружием, и которая ранее использовала USA Today колонну, чтобы предположить, что пришло время пойти после : юридически приобретенного огнестрельного оружия, не сосредотачивалась на том, чтобы пульс был свободным от оружия, и что политика, свободная от оружия, гарантируемая вооруженным преступником, не встречалась бы со значительным ответом, если бы он вошел с огнестрельным оружием. Вместо этого они написали: Her.",2,,,
221751,Дэнни Модер сказал Ричарду Гиру держаться подальше от Джулии Робертс?,2,,,
